Date,Step count
10/28/2014,1426
10/29/2014,3370
10/30/2014,3388
10/31/2014,5678
11/1/2014,21181
11/2/2014,2246
11/3/2014,1893
11/4/2014,1897
11/5/2014,2175
11/6/2014,4640
11/7/2014,1442
11/8/2014,4408
11/9/2014,13679
11/10/2014,2221
11/11/2014,4020
11/12/2014,2680
11/13/2014,2113
11/14/2014,4569
11/15/2014,1362
11/16/2014,608
11/17/2014,3900
11/18/2014,1983
11/19/2014,1384
11/20/2014,1785
11/21/2014,5400
11/22/2014,6527
11/23/2014,4546
11/24/2014,2158
11/25/2014,2280
11/26/2014,2302
11/27/2014,6135
11/28/2014,1488
11/29/2014,10099
11/30/2014,3054
12/1/2014,1433
12/2/2014,2988
12/3/2014,4763
12/4/2014,2320
12/5/2014,8047
12/6/2014,4447
12/7/2014,301
12/8/2014,2492
12/9/2014,2416
12/10/2014,2695
12/11/2014,1975
12/12/2014,3097
12/13/2014,1935
12/14/2014,575
12/15/2014,5802
12/16/2014,4111
12/17/2014,2495
12/18/2014,5121
12/19/2014,1283
12/20/2014,10045
12/21/2014,3360
12/22/2014,4026
12/23/2014,1299
12/24/2014,2868
12/25/2014,4058
12/26/2014,2817
12/27/2014,12114
12/28/2014,3521
12/29/2014,2032
12/30/2014,3795
12/31/2014,3442
1/1/2015,2598
1/2/2015,1671
1/3/2015,92
1/4/2015,5023
1/5/2015,1961
1/6/2015,2534
1/7/2015,1786
1/8/2015,3562
1/9/2015,3346
1/10/2015,114
1/11/2015,468
1/12/2015,3444
1/13/2015,2091
1/14/2015,3794
1/15/2015,4177
1/16/2015,1148
1/17/2015,4361
1/18/2015,849
1/19/2015,1976
1/20/2015,3922
1/21/2015,1804
1/22/2015,8984
1/23/2015,4169
1/24/2015,12038
1/25/2015,1281
1/26/2015,6943
1/27/2015,15290
1/28/2015,5458
1/29/2015,8743
1/30/2015,2848
1/31/2015,7009
2/1/2015,5147
2/2/2015,4792
2/3/2015,516
2/4/2015,2936
2/5/2015,3033
2/6/2015,22279
2/7/2015,14166
2/8/2015,5852
2/9/2015,3363
2/10/2015,3080
2/11/2015,3388
2/12/2015,3132
2/13/2015,7490
2/14/2015,9391
2/15/2015,3623
2/16/2015,814
2/17/2015,3846
2/18/2015,8252
2/19/2015,1597
2/20/2015,4048
2/21/2015,4860
2/22/2015,2184
2/23/2015,1962
2/24/2015,5614
2/25/2015,2555
2/26/2015,1756
2/27/2015,405
2/28/2015,1318
3/1/2015,2241
3/2/2015,4028
3/3/2015,4045
3/4/2015,2532
3/5/2015,2372
3/6/2015,3349
3/7/2015,11152
3/8/2015,654
3/9/2015,4470
3/10/2015,4065
3/11/2015,4562
3/12/2015,2798
3/13/2015,2703
3/14/2015,12668
3/15/2015,9927
3/16/2015,3063
3/17/2015,3218
3/18/2015,3074
3/19/2015,5923
3/20/2015,5548
3/21/2015,2060
3/22/2015,681
3/23/2015,4186
3/24/2015,8031
3/25/2015,2847
3/26/2015,4453
3/27/2015,8091
3/28/2015,10210
3/29/2015,4346
3/30/2015,4909
3/31/2015,10913
4/1/2015,9842
4/2/2015,13371
4/3/2015,7576
4/4/2015,27276
4/5/2015,18383
4/6/2015,6727
4/7/2015,4456
4/8/2015,2974
4/9/2015,170
4/10/2015,2373
4/11/2015,5499
4/12/2015,653
4/13/2015,2475
4/14/2015,2766
4/15/2015,2559
4/16/2015,8518
4/17/2015,8828
4/18/2015,10502
4/19/2015,749
4/20/2015,2004
4/21/2015,3337
4/22/2015,3311
4/23/2015,3491
4/24/2015,1703
4/25/2015,10666
4/26/2015,736
4/27/2015,2583
4/28/2015,2113
4/29/2015,2871
4/30/2015,3758
5/1/2015,6515
5/2/2015,4755
5/3/2015,3309
5/4/2015,4197
5/5/2015,2755
5/6/2015,3732
5/7/2015,2736
5/8/2015,6142
5/9/2015,14036
5/10/2015,6502
5/11/2015,11721
5/12/2015,711
5/13/2015,6208
5/14/2015,4072
5/15/2015,6818
5/16/2015,12952
5/17/2015,4175
5/18/2015,3223
5/19/2015,3149
5/20/2015,5068
5/21/2015,5686
5/22/2015,3335
5/23/2015,12089
5/24/2015,4639
5/25/2015,1489
5/26/2015,6032
5/27/2015,2776
5/28/2015,3788
5/29/2015,3265
5/30/2015,5184
5/31/2015,9381
6/1/2015,4510
6/2/2015,2823
6/3/2015,5794
6/4/2015,4137
6/5/2015,2858
6/6/2015,20442
6/7/2015,3152
6/8/2015,3205
6/9/2015,1994
6/10/2015,4331
6/11/2015,3697
6/12/2015,7045
6/13/2015,9230
6/14/2015,1194
6/15/2015,5147
6/16/2015,2663
6/17/2015,4299
6/18/2015,7195
6/19/2015,9960
6/20/2015,13267
6/21/2015,1644
6/22/2015,5124
6/23/2015,7497
6/24/2015,9236
6/25/2015,6429
6/26/2015,13721
6/27/2015,13597
6/28/2015,4635
6/29/2015,6396
6/30/2015,6719
7/1/2015,5779
7/2/2015,7249
7/3/2015,11650
7/4/2015,10504
7/5/2015,2677
7/6/2015,5836
7/7/2015,4921
7/8/2015,3788
7/9/2015,5500
7/10/2015,12278
7/11/2015,12847
7/12/2015,2245
7/13/2015,4485
7/14/2015,5048
7/15/2015,8473
7/16/2015,13307
7/17/2015,22746
7/18/2015,24741
7/19/2015,6893
7/20/2015,6406
7/21/2015,5063
7/22/2015,7347
7/23/2015,5621
7/24/2015,7607
7/25/2015,7893
7/26/2015,3615
7/27/2015,6480
7/28/2015,6306
7/29/2015,2752
7/30/2015,6449
7/31/2015,6130
8/1/2015,18723
8/2/2015,6685
8/3/2015,8004
8/4/2015,5827
8/5/2015,2470
8/6/2015,7610
8/7/2015,8947
8/8/2015,2984
8/9/2015,1948
8/10/2015,3345
8/11/2015,3334
8/12/2015,3497
8/13/2015,7676
8/14/2015,7171
8/15/2015,1715
8/16/2015,3490
8/17/2015,4131
8/18/2015,1710
8/19/2015,1744
8/20/2015,4697
8/21/2015,9628
8/22/2015,5683
8/23/2015,8448
8/24/2015,4591
8/25/2015,5975
8/26/2015,5092
8/27/2015,4899
8/28/2015,8050
8/29/2015,13070
8/30/2015,4545
8/31/2015,8572
9/1/2015,11205
9/2/2015,10067
9/3/2015,10264
9/4/2015,8914
9/5/2015,9842
9/6/2015,921
9/7/2015,1988
9/8/2015,8467
9/9/2015,5632
9/10/2015,3372
9/11/2015,8801
9/12/2015,10886
9/13/2015,1775
9/14/2015,2704
9/15/2015,7987
9/16/2015,7872
9/17/2015,2894
9/18/2015,5242
9/19/2015,11223
9/20/2015,3862
9/21/2015,5159
9/22/2015,6958
9/23/2015,12930
9/24/2015,10874
9/25/2015,9113
9/26/2015,28796
9/27/2015,13184
9/28/2015,6368
9/29/2015,7182
9/30/2015,4537
10/1/2015,6154
10/2/2015,10014
10/3/2015,3850
10/4/2015,1354
10/5/2015,4663
10/6/2015,5682
10/7/2015,8199
10/8/2015,6926
10/9/2015,8589
10/10/2015,16591
10/11/2015,10989
10/12/2015,3036
10/13/2015,3746
10/14/2015,4694
10/15/2015,4159
10/16/2015,7122
10/17/2015,23480
10/18/2015,8313
10/19/2015,3870
10/20/2015,7063
10/21/2015,9969
10/22/2015,7568
10/23/2015,12410
10/24/2015,5166
10/25/2015,9466
10/26/2015,6680
10/27/2015,8814
10/28/2015,5069
10/29/2015,3166
10/30/2015,16488
10/31/2015,23189
11/1/2015,12741
11/2/2015,2815
11/3/2015,9746
11/4/2015,4568
11/5/2015,4918
11/6/2015,8493
11/7/2015,16569
11/8/2015,1154
11/9/2015,5575
11/10/2015,4341
11/11/2015,2994
11/12/2015,4928
11/13/2015,8032
11/14/2015,4482
11/15/2015,2258
11/16/2015,3339
11/17/2015,6151
11/18/2015,4452
11/19/2015,6057
11/20/2015,7788
11/21/2015,8980
11/22/2015,973
11/23/2015,3867
11/24/2015,5981
11/25/2015,4549
11/26/2015,1363
11/27/2015,4377
11/28/2015,6814
11/29/2015,7081
11/30/2015,7430
12/1/2015,4384
12/2/2015,3908
12/3/2015,8440
12/4/2015,11851
12/5/2015,9000
12/6/2015,5714
12/7/2015,1628
12/8/2015,3597
12/9/2015,2618
12/10/2015,7852
12/11/2015,6954
12/12/2015,13548
12/13/2015,7858
12/14/2015,5742
12/15/2015,3798
12/16/2015,4459
12/17/2015,3834
12/18/2015,8459
12/19/2015,11238
12/20/2015,3013
12/21/2015,2133
12/22/2015,10809
12/23/2015,9509
12/24/2015,4787
12/25/2015,8861
12/26/2015,5936
12/27/2015,767
12/28/2015,6910
12/29/2015,6235
12/30/2015,3189
12/31/2015,7677
1/1/2016,1999
1/2/2016,4666
1/3/2016,4655
1/4/2016,5438
1/5/2016,5579
1/6/2016,8190
1/7/2016,5114
1/8/2016,9981
1/9/2016,1329
1/10/2016,4307
1/11/2016,1653
1/12/2016,3352
1/13/2016,6990
1/14/2016,9275
1/15/2016,7217
1/16/2016,5162
1/17/2016,4564
1/18/2016,3723
1/19/2016,3081
1/20/2016,4681
1/21/2016,3912
1/22/2016,11853
1/23/2016,13318
1/24/2016,585
1/25/2016,5035
1/26/2016,4278
1/27/2016,2756
1/28/2016,1890
1/29/2016,1889
1/30/2016,2699
1/31/2016,1731
2/1/2016,916
2/2/2016,5484
2/3/2016,3793
2/4/2016,7183
2/5/2016,9809
2/6/2016,308
2/7/2016,3785
2/8/2016,7639
2/9/2016,4731
2/10/2016,8436
2/11/2016,8929
2/12/2016,6721
2/13/2016,5238
2/14/2016,5206
2/15/2016,2202
2/16/2016,6129
2/17/2016,7266
2/18/2016,11507
2/19/2016,6623
2/20/2016,11060
2/21/2016,3591
2/22/2016,4116
2/23/2016,4252
2/24/2016,5488
2/25/2016,5295
2/26/2016,5804
2/27/2016,7433
2/28/2016,269
2/29/2016,3227
3/1/2016,15919
3/2/2016,5475
3/3/2016,10843
3/4/2016,14699
3/5/2016,4860
3/6/2016,25737
3/7/2016,10674
3/8/2016,30675
3/9/2016,10290
3/10/2016,7265
3/11/2016,16533
3/12/2016,10069
3/13/2016,4422
3/14/2016,3653
3/15/2016,5396
3/16/2016,13008
3/17/2016,10750
3/18/2016,21940
3/19/2016,19717
3/20/2016,4852
3/21/2016,5276
3/22/2016,3130
3/23/2016,11392
3/24/2016,13705
3/25/2016,4764
3/26/2016,18506
3/27/2016,11682
3/28/2016,7635
3/29/2016,11882
3/30/2016,11420
3/31/2016,10068
4/1/2016,32423
4/2/2016,10219
4/3/2016,27347
4/4/2016,18658
4/5/2016,11854
4/6/2016,12645
4/7/2016,11054
4/8/2016,31548
4/9/2016,12599
4/10/2016,14355
4/11/2016,10150
4/12/2016,11013
4/13/2016,10037
4/14/2016,15457
4/15/2016,30200
4/16/2016,21023
4/17/2016,13702
4/18/2016,10582
4/19/2016,10231
4/20/2016,12486
4/21/2016,15651
4/22/2016,28903
4/23/2016,25266
4/24/2016,15396
4/25/2016,15116
4/26/2016,10816
4/27/2016,11119
4/28/2016,10589
4/29/2016,11948
4/30/2016,21483
5/1/2016,12495
5/2/2016,10223
5/3/2016,11580
5/4/2016,15442
5/5/2016,15273
5/6/2016,25488
5/7/2016,10634
5/8/2016,10241
5/9/2016,10771
5/10/2016,12845
5/11/2016,10565
5/12/2016,19375
5/13/2016,13280
5/14/2016,24864
5/15/2016,10528
5/16/2016,6812
5/17/2016,10286
5/18/2016,11219
5/19/2016,10228
5/20/2016,16164
5/21/2016,23894
5/22/2016,10602
5/23/2016,10358
5/24/2016,6201
5/25/2016,10174
5/26/2016,11988
5/27/2016,10960
5/28/2016,15513
5/29/2016,10799
5/30/2016,11452
5/31/2016,10311
6/1/2016,10741
6/2/2016,10516
6/3/2016,37149
6/4/2016,10098
6/5/2016,10624
6/6/2016,13567
6/7/2016,18444
6/8/2016,15483
6/9/2016,14759
6/10/2016,12270
6/11/2016,35936
6/12/2016,13769
6/13/2016,18457
6/14/2016,13693
6/15/2016,12178
6/16/2016,23320
6/17/2016,19876
6/18/2016,15082
6/19/2016,12240
6/20/2016,12172
6/21/2016,8170
6/22/2016,12467
6/23/2016,14787
6/24/2016,12453
6/25/2016,17950
6/26/2016,12062
6/27/2016,12279
6/28/2016,12262
6/29/2016,12798
6/30/2016,10872
7/1/2016,15402
7/2/2016,14158
7/3/2016,11546
7/4/2016,11963
7/5/2016,12255
7/6/2016,12153
7/7/2016,5844
7/8/2016,13864
7/9/2016,6532
7/10/2016,18712
7/11/2016,12356
7/12/2016,8962
7/13/2016,7606
7/14/2016,12550
7/15/2016,8515
7/16/2016,15099
7/17/2016,8256
7/18/2016,6210
7/19/2016,6288
7/20/2016,13614
7/21/2016,13942
7/22/2016,5676
7/23/2016,24194
7/24/2016,6706
7/25/2016,4708
7/26/2016,10896
7/27/2016,11889
7/28/2016,9973
7/29/2016,17306
7/30/2016,14004
7/31/2016,6602
8/1/2016,7731
8/2/2016,14585
8/3/2016,16519
8/4/2016,11966
8/5/2016,18353
8/6/2016,16679
8/7/2016,12027
8/8/2016,13669
8/9/2016,12348
8/10/2016,20136
8/11/2016,12230
8/12/2016,21599
8/13/2016,15034
8/14/2016,21860
8/15/2016,12936
8/16/2016,12468
8/17/2016,12099
8/18/2016,13052
8/19/2016,26800
8/20/2016,12291
8/21/2016,12309
8/22/2016,12255
8/23/2016,14945
8/24/2016,13749
8/25/2016,10328
8/26/2016,14403
8/27/2016,14830
8/28/2016,12813
8/29/2016,12712
8/30/2016,12532
8/31/2016,11625
9/1/2016,13124
9/2/2016,13929
9/3/2016,21385
9/4/2016,12115
9/5/2016,13097
9/6/2016,14305
9/7/2016,12406
9/8/2016,12218
9/9/2016,14553
9/10/2016,15479
9/11/2016,12342
9/12/2016,15146
9/13/2016,13067
9/14/2016,17223
9/15/2016,16421
9/16/2016,16260
9/17/2016,21745
9/18/2016,17268
9/19/2016,12211
9/20/2016,16128
9/21/2016,15248
9/22/2016,17176
9/23/2016,13662
9/24/2016,35752
9/25/2016,15263
9/26/2016,12116
9/27/2016,15483
9/28/2016,12102
9/29/2016,23912
9/30/2016,12913
10/1/2016,15026
10/2/2016,31489
10/3/2016,12056
10/4/2016,12487
10/5/2016,15843
10/6/2016,12501
10/7/2016,13397
10/8/2016,15718
10/9/2016,14669
10/10/2016,13447
10/11/2016,12336
10/12/2016,9264
10/13/2016,12993
10/14/2016,15554
10/15/2016,11938
10/16/2016,12765
10/17/2016,13196
10/18/2016,12614
10/19/2016,12194
10/20/2016,10254
10/21/2016,12877
10/22/2016,17091
10/23/2016,7223
10/24/2016,24349
10/25/2016,3889
10/26/2016,20468
10/27/2016,13966
10/28/2016,16704
10/29/2016,11635
10/30/2016,21755
10/31/2016,5825
11/1/2016,14347
11/2/2016,6412
11/3/2016,8806
11/4/2016,15840
11/5/2016,16109
11/6/2016,11350
11/7/2016,12699
11/8/2016,9513
11/9/2016,10312
11/10/2016,12263
11/11/2016,12359
11/12/2016,7597
11/13/2016,2220
11/14/2016,11467
11/15/2016,8412
11/16/2016,9490
11/17/2016,7117
11/18/2016,522
11/19/2016,12928
11/20/2016,10009
11/21/2016,11161
11/22/2016,9249
11/23/2016,7539
11/24/2016,2017
11/25/2016,20148
11/26/2016,25579
11/27/2016,7866
11/28/2016,11345
11/29/2016,10412
11/30/2016,13783
12/1/2016,6298
12/2/2016,9853
12/3/2016,5094
12/4/2016,11560
12/5/2016,9179
12/6/2016,10420
12/7/2016,9359
12/8/2016,8831
12/9/2016,21209
12/10/2016,10435
12/11/2016,14014
12/12/2016,9674
12/13/2016,10089
12/14/2016,12667
12/15/2016,9175
12/16/2016,10035
12/17/2016,15767
12/18/2016,1587
12/19/2016,7526
12/20/2016,10879
12/21/2016,12822
12/22/2016,12600
12/23/2016,14661
12/24/2016,13434
12/25/2016,7051
12/26/2016,10729
12/27/2016,10397
12/28/2016,11086
12/29/2016,11987
12/30/2016,9389
12/31/2016,9894
1/1/2017,21956
1/2/2017,15402
1/3/2017,10855
1/4/2017,10516
1/5/2017,10693
1/6/2017,16179
1/7/2017,9153
1/8/2017,10566
1/9/2017,9191
1/10/2017,10656
1/11/2017,10862
1/12/2017,10761
1/13/2017,9865
1/14/2017,11246
1/15/2017,10685
1/16/2017,15217
1/17/2017,20052
1/18/2017,15334
1/19/2017,15327
1/20/2017,15017
1/21/2017,20662
1/22/2017,15384
1/23/2017,15947
1/24/2017,16325
1/25/2017,12197
1/26/2017,17292
1/27/2017,18150
1/28/2017,16300
1/29/2017,20132
1/30/2017,18768
1/31/2017,15186
2/1/2017,19869
2/2/2017,15207
2/3/2017,20977
2/4/2017,39966
2/5/2017,21210
2/6/2017,15364
2/7/2017,21005
2/8/2017,15193
2/9/2017,19964
2/10/2017,25412
2/11/2017,59716
2/12/2017,15223
2/13/2017,15040
2/14/2017,20015
2/15/2017,14581
2/16/2017,15961
2/17/2017,15512
2/18/2017,41367
2/19/2017,15269
2/20/2017,15194
2/21/2017,20161
2/22/2017,18223
2/23/2017,16885
2/24/2017,32217
2/25/2017,20115
2/26/2017,15165
2/27/2017,14957
2/28/2017,15316
3/1/2017,20496
3/2/2017,15734
3/3/2017,28069
3/4/2017,15386
3/5/2017,15090
3/6/2017,15153
3/7/2017,14843
3/8/2017,15199
3/9/2017,15060
3/10/2017,14888
3/11/2017,15329
3/12/2017,18455
3/13/2017,17333
3/14/2017,15140
3/15/2017,15735
3/16/2017,15151
3/17/2017,30017
3/18/2017,15419
3/19/2017,15144
3/20/2017,15837
3/21/2017,20917
3/22/2017,15433
3/23/2017,17609
3/24/2017,12374
3/25/2017,18488
3/26/2017,15292
3/27/2017,16117
3/28/2017,15858
3/29/2017,15397
3/30/2017,15155
3/31/2017,16762
4/1/2017,16352
4/2/2017,24954
4/3/2017,14917
4/4/2017,15177
4/5/2017,15059
4/6/2017,15132
4/7/2017,21395
4/8/2017,36864
4/9/2017,14783
4/10/2017,15195
4/11/2017,15238
4/12/2017,15127
4/13/2017,15851
4/14/2017,19724
4/15/2017,23783
4/16/2017,14735
4/17/2017,15493
4/18/2017,16162
4/19/2017,15856
4/20/2017,15970
4/21/2017,15737
4/22/2017,15595
4/23/2017,20727
4/24/2017,25368
4/25/2017,20203
4/26/2017,21948
4/27/2017,20205
4/28/2017,29441
4/29/2017,21058
4/30/2017,20686
5/1/2017,20435
5/2/2017,21885
5/3/2017,20512
5/4/2017,21213
5/5/2017,23366
5/6/2017,28316
5/7/2017,40186
5/8/2017,20246
5/9/2017,25130
5/10/2017,25216
5/11/2017,25294
5/12/2017,34111
5/13/2017,35515
5/14/2017,30378
5/15/2017,25139
5/16/2017,30506
5/17/2017,30640
5/18/2017,30391
5/19/2017,40293
5/20/2017,30592
5/21/2017,29994
5/22/2017,27991
5/23/2017,21280
5/24/2017,32387
5/25/2017,15431
5/26/2017,22998
5/27/2017,20861
5/28/2017,30784
5/29/2017,22713
5/30/2017,26145
5/31/2017,30433
6/1/2017,30278
6/2/2017,24191
6/3/2017,30368
6/4/2017,25437
6/5/2017,30178
6/6/2017,15334
6/7/2017,22068
6/8/2017,21061
6/9/2017,22197
6/10/2017,21398
6/11/2017,30754
6/12/2017,31072
6/13/2017,30253
6/14/2017,22535
6/15/2017,15819
6/16/2017,30170
6/17/2017,18484
6/18/2017,15480
6/19/2017,31286
6/20/2017,30522
6/21/2017,16271
6/22/2017,30862
6/23/2017,30479
6/24/2017,65061
6/25/2017,31026
6/26/2017,30144
6/27/2017,20630
6/28/2017,30970
6/29/2017,30555
6/30/2017,20664
7/1/2017,20946
7/2/2017,29541
7/3/2017,18092
7/4/2017,30176
7/5/2017,20530
7/6/2017,24019
7/7/2017,20275
7/8/2017,23992
7/9/2017,15247
7/10/2017,22574
7/11/2017,26239
7/12/2017,30749
7/13/2017,15233
7/14/2017,22371
7/15/2017,30562
7/16/2017,30566
7/17/2017,21047
7/18/2017,15549
7/19/2017,16638
7/20/2017,42939
7/21/2017,21108
7/22/2017,22149
7/23/2017,20761
7/24/2017,21936
7/25/2017,31047
7/26/2017,24095
7/27/2017,23175
7/28/2017,33316
7/29/2017,26112
7/30/2017,32789
7/31/2017,22195
8/1/2017,22780
8/2/2017,35172
8/3/2017,20896
8/4/2017,24736
8/5/2017,21550
8/6/2017,33021
8/7/2017,21279
8/8/2017,31761
8/9/2017,21171
8/10/2017,35870
8/11/2017,20743
8/12/2017,20920
8/13/2017,21534
8/14/2017,21005
8/15/2017,31572
8/16/2017,14584
8/17/2017,20819
8/18/2017,22205
8/19/2017,23520
8/20/2017,21966
8/21/2017,21361
8/22/2017,18156
8/23/2017,21585
8/24/2017,20408
8/25/2017,15394
8/26/2017,19674
8/27/2017,17403
8/28/2017,17120
8/29/2017,22839
8/30/2017,21886
8/31/2017,23827
9/1/2017,29000
9/2/2017,27505
9/3/2017,23731
9/4/2017,27305
9/5/2017,19284
9/6/2017,22111
9/7/2017,22744
9/8/2017,27327
9/9/2017,46681
9/10/2017,16488
9/11/2017,16858
9/12/2017,23577
9/13/2017,34984
9/14/2017,23116
9/15/2017,17173
9/16/2017,17999
9/17/2017,19491
9/18/2017,21485
9/19/2017,33779
9/20/2017,17455
9/21/2017,24400
9/22/2017,31117
9/23/2017,21147
9/24/2017,32767
9/25/2017,14475
9/26/2017,21038
9/27/2017,23666
9/28/2017,33258
9/29/2017,20343
9/30/2017,55739
10/1/2017,22277
10/2/2017,23038
10/3/2017,22334
10/4/2017,23306
10/5/2017,51246
10/6/2017,47145
10/7/2017,60136
10/8/2017,27481
10/9/2017,22642
10/10/2017,20310
10/11/2017,28978
10/12/2017,35620
10/13/2017,43643
10/14/2017,78127
10/15/2017,24443
10/16/2017,21436
10/17/2017,23739
10/18/2017,37102
10/19/2017,43531
10/20/2017,45484
10/21/2017,48249
10/22/2017,21407
10/23/2017,24041
10/24/2017,31278
10/25/2017,49141
10/26/2017,41821
10/27/2017,18724
10/28/2017,34800
10/29/2017,49324
10/30/2017,30045
10/31/2017,4571
11/1/2017,6687
11/2/2017,12321
11/3/2017,16714
11/4/2017,19871
11/5/2017,21198
11/6/2017,54
11/7/2017,3757
11/8/2017,24700
11/9/2017,15758
11/10/2017,26119
11/11/2017,39488
11/12/2017,9065
11/13/2017,825
11/14/2017,5316
11/15/2017,22282
11/16/2017,326
11/17/2017,14190
11/18/2017,28882
11/19/2017,13156
11/20/2017,1071
11/21/2017,5547
11/22/2017,14461
11/23/2017,11905
11/24/2017,20291
11/25/2017,28287
11/26/2017,22267
11/27/2017,6389
11/28/2017,5496
11/29/2017,18610
11/30/2017,6138
12/1/2017,32868
12/2/2017,27984
12/3/2017,8416
12/4/2017,17659
12/5/2017,17957
12/6/2017,6611
12/7/2017,19304
12/8/2017,14044
12/9/2017,40940
12/10/2017,6368
12/11/2017,218
12/12/2017,6188
12/13/2017,4867
12/14/2017,10590
12/15/2017,15097
12/16/2017,32381
12/17/2017,15705
12/18/2017,14919
12/19/2017,10299
12/20/2017,85
12/21/2017,11710
12/22/2017,7636
12/23/2017,16748
12/24/2017,13906
12/25/2017,1356
12/26/2017,1254
12/27/2017,2146
12/28/2017,12807
12/29/2017,10061
12/30/2017,10011
12/31/2017,18761
1/1/2018,4893
1/2/2018,3819
1/3/2018,20922
1/4/2018,2088
1/5/2018,7348
1/6/2018,4478
1/7/2018,207
1/8/2018,2262
1/9/2018,6750
1/10/2018,111
1/11/2018,219
1/12/2018,15940
1/13/2018,23041
1/14/2018,25607
1/15/2018,6967
1/16/2018,2030
1/17/2018,514
1/18/2018,16072
1/19/2018,13894
1/20/2018,28725
1/21/2018,43623
1/22/2018,34562
1/23/2018,21807
1/24/2018,16272
1/25/2018,17061
1/26/2018,10558
1/27/2018,18231
1/28/2018,15565
1/29/2018,4182
1/30/2018,26891
1/31/2018,10671
2/1/2018,22395
2/2/2018,30909
2/3/2018,14065
2/4/2018,2108
2/5/2018,12791
2/6/2018,20111
2/7/2018,7077
2/8/2018,6510
2/9/2018,10591
2/10/2018,20738
2/11/2018,33791
2/12/2018,18672
2/13/2018,28037
2/14/2018,3704
2/15/2018,10666
2/16/2018,23118
2/17/2018,26196
2/18/2018,30528
2/19/2018,19621
2/20/2018,15307
2/21/2018,21087
2/22/2018,6264
2/23/2018,23959
2/24/2018,37151
2/25/2018,41304
2/26/2018,13708
2/27/2018,20325
2/28/2018,15620
3/1/2018,27264
3/2/2018,19485
3/3/2018,36512
3/4/2018,28135
3/5/2018,2853
3/6/2018,20750
3/7/2018,30114
3/8/2018,30432
3/9/2018,25994
3/10/2018,30814
3/11/2018,12806
3/12/2018,16661
3/13/2018,20331
3/14/2018,20157
3/15/2018,40057
3/16/2018,34084
3/17/2018,13339
3/18/2018,4933
3/19/2018,14094
3/20/2018,18128
3/21/2018,23797
3/22/2018,23413
3/23/2018,35439
3/24/2018,38083
3/25/2018,24042
3/26/2018,1820
3/27/2018,3393
3/28/2018,22392
3/29/2018,36135
3/30/2018,82108
3/31/2018,33163
4/1/2018,8804
4/2/2018,1875
4/3/2018,7457
4/4/2018,19949
4/5/2018,33291
4/6/2018,7022
4/7/2018,34223
4/8/2018,31203
4/9/2018,675
4/10/2018,5611
4/11/2018,21832
4/12/2018,44066
4/13/2018,21080
4/14/2018,5737
4/15/2018,2231
4/16/2018,10662
4/17/2018,37253
4/18/2018,23599
4/19/2018,30560
4/20/2018,57012
4/21/2018,3945
4/22/2018,7996
4/23/2018,31212
4/24/2018,28350
4/25/2018,13922
4/26/2018,38208
4/27/2018,32040
4/28/2018,32333
4/29/2018,19394
4/30/2018,20123
5/1/2018,19401
5/2/2018,18334
5/3/2018,21850
5/4/2018,33769
5/5/2018,44440
5/6/2018,28520
5/7/2018,12464
5/8/2018,5645
5/9/2018,22335
5/10/2018,26762
5/11/2018,26557
5/12/2018,73819
5/13/2018,6298
5/14/2018,17637
5/15/2018,12902
5/16/2018,36147
5/17/2018,13058
5/18/2018,43539
5/19/2018,49988
5/20/2018,43012
5/21/2018,26450
5/22/2018,24724
5/23/2018,30358
5/24/2018,33393
5/25/2018,50060
5/26/2018,53212
5/27/2018,44081
5/28/2018,31937
5/29/2018,33957
5/30/2018,35314
5/31/2018,11479
6/1/2018,86122
6/2/2018,74230
6/3/2018,10674
6/4/2018,13162
6/5/2018,10611
6/6/2018,30226
6/7/2018,4290
6/8/2018,19757
6/9/2018,17421
6/10/2018,41966
6/11/2018,13473
6/12/2018,19719
6/13/2018,21334
6/14/2018,56029
6/15/2018,43968
6/16/2018,75028
6/17/2018,16594
6/18/2018,46503
6/19/2018,3768
6/20/2018,21700
6/21/2018,29966
6/22/2018,63297
6/23/2018,68356
6/24/2018,26910
6/25/2018,3255
6/26/2018,37570
6/27/2018,46515
6/28/2018,30640
6/29/2018,45269
6/30/2018,10650
7/1/2018,13284
7/2/2018,15960
7/3/2018,22200
7/4/2018,45193
7/5/2018,53265
7/6/2018,32388
7/7/2018,87082
7/8/2018,25371
7/9/2018,3820
7/10/2018,31022
7/11/2018,21823
7/12/2018,53295
7/13/2018,57020
7/14/2018,66921
7/15/2018,20362
7/16/2018,11343
7/17/2018,44400
7/18/2018,60197
7/19/2018,36012
7/20/2018,67238
7/21/2018,40953
7/22/2018,2465
7/23/2018,20159
7/24/2018,44376
7/25/2018,45645
7/26/2018,15746
7/27/2018,25284
7/28/2018,48944
7/29/2018,48303
7/30/2018,25126
7/31/2018,22162
8/1/2018,32295
8/2/2018,40275
8/3/2018,38710
8/4/2018,52818
8/5/2018,36956
8/6/2018,26614
8/7/2018,25659
8/8/2018,11554
8/9/2018,22632
8/10/2018,23587
8/11/2018,52175
8/12/2018,30268
8/13/2018,35142
8/14/2018,36044
8/15/2018,30334
8/16/2018,40155
8/17/2018,49272
8/18/2018,24514
8/19/2018,30180
8/20/2018,31563
8/21/2018,46097
8/22/2018,14590
8/23/2018,41541
8/24/2018,15344
8/25/2018,55671
8/26/2018,17093
8/27/2018,22193
8/28/2018,20438
8/29/2018,20079
8/30/2018,50065
8/31/2018,31907
9/1/2018,30338
9/2/2018,20438
9/3/2018,31055
9/4/2018,15197
9/5/2018,20561
9/6/2018,42055
9/7/2018,6563
9/8/2018,28574
9/9/2018,17452
9/10/2018,25375
9/11/2018,30140
9/12/2018,30187
9/13/2018,55138
9/14/2018,35211
9/15/2018,50557
9/16/2018,15718
9/17/2018,23893
9/18/2018,30408
9/19/2018,25171
9/20/2018,35415
9/21/2018,50069
9/22/2018,47787
9/23/2018,45132
9/24/2018,20079
9/25/2018,32728
9/26/2018,15619
9/27/2018,35071
9/28/2018,30198
9/29/2018,52267
9/30/2018,36212
10/1/2018,42201
10/2/2018,18170
10/3/2018,40089
10/4/2018,32327
10/5/2018,35149
10/6/2018,21770
10/7/2018,32237
10/8/2018,20650
10/9/2018,27048
10/10/2018,52095
10/11/2018,42088
10/12/2018,38090
10/13/2018,30085
10/14/2018,17983
10/15/2018,32323
10/16/2018,25602
10/17/2018,20352
10/18/2018,30215
10/19/2018,25214
10/20/2018,50275
10/21/2018,33355
10/22/2018,22940
10/23/2018,35407
10/24/2018,37201
10/25/2018,24631
10/26/2018,38910
10/27/2018,43903
10/28/2018,40054
10/29/2018,22142
10/30/2018,36081
10/31/2018,28129
11/1/2018,10109
11/2/2018,20519
11/3/2018,33554
11/4/2018,8430
11/5/2018,16257
11/6/2018,50330
11/7/2018,8055
11/8/2018,4993
11/9/2018,32238
11/10/2018,24451
11/11/2018,12519
11/12/2018,6241
11/13/2018,20307
11/14/2018,32198
11/15/2018,23749
11/16/2018,35964
11/17/2018,25342
11/18/2018,23257
11/19/2018,10145
11/20/2018,23366
11/21/2018,27174
11/22/2018,20060
11/23/2018,32167
11/24/2018,17218
11/25/2018,10962
11/26/2018,25066
11/27/2018,20276
11/28/2018,22319
11/29/2018,38764
11/30/2018,26241
12/1/2018,20199
12/2/2018,9541
12/3/2018,12223
12/4/2018,12003
12/5/2018,22572
12/6/2018,28263
12/7/2018,15345
12/8/2018,21875
12/9/2018,5770
12/10/2018,7884
12/11/2018,18323
12/12/2018,40559
12/13/2018,21193
12/14/2018,44001
12/15/2018,50029
12/16/2018,35435
12/17/2018,12998
12/18/2018,2530
12/19/2018,31997
12/20/2018,40169
12/21/2018,27178
12/22/2018,23599
12/23/2018,2894
12/24/2018,24050
12/25/2018,25282
12/26/2018,6784
12/27/2018,25468
12/28/2018,21566
12/29/2018,16179
12/30/2018,25075
12/31/2018,42339
1/1/2019,6433
1/2/2019,8241
1/3/2019,2012
1/4/2019,32214
1/5/2019,81186
1/6/2019,5499
1/7/2019,18096
1/8/2019,33712
1/9/2019,22063
1/10/2019,40768
1/11/2019,3030
1/12/2019,20264
1/13/2019,9599
1/14/2019,23313
1/15/2019,15135
1/16/2019,33366
1/17/2019,30043
1/18/2019,45462
1/19/2019,16760
1/20/2019,20418
1/21/2019,10617
1/22/2019,16278
1/23/2019,22341
1/24/2019,24193
1/25/2019,62192
1/26/2019,34198
1/27/2019,13981
1/28/2019,529
1/29/2019,25901
1/30/2019,23101
1/31/2019,21003
2/1/2019,25553
2/2/2019,24574
2/3/2019,30877
2/4/2019,14438
2/5/2019,20710
2/6/2019,2466
2/7/2019,3203
2/8/2019,38448
2/9/2019,34265
2/10/2019,21799
2/11/2019,28457
2/12/2019,22813
2/13/2019,20018
2/14/2019,27364
2/15/2019,16573
2/16/2019,18650
2/17/2019,50138
2/18/2019,7242
2/19/2019,1108
2/20/2019,35357
2/21/2019,52086
2/22/2019,25420
2/23/2019,17694
2/24/2019,23495
2/25/2019,7394
2/26/2019,8106
2/27/2019,8860
2/28/2019,13114
3/1/2019,26148
3/2/2019,25121
3/3/2019,4088
3/4/2019,8703
3/5/2019,19963
3/6/2019,8267
3/7/2019,30065
3/8/2019,20091
3/9/2019,42053
3/10/2019,13263
3/11/2019,28037
3/12/2019,30025
3/13/2019,14203
3/14/2019,17567
3/15/2019,28925
3/16/2019,37350
3/17/2019,28153
3/18/2019,23662
3/19/2019,30122
3/20/2019,34157
3/21/2019,35425
3/22/2019,28250
3/23/2019,40079
3/24/2019,10690
3/25/2019,29951
3/26/2019,34171
3/27/2019,30064
3/28/2019,41558
3/29/2019,23492
3/30/2019,27911
3/31/2019,20373
4/1/2019,32032
4/2/2019,34995
4/3/2019,34053
4/4/2019,35256
4/5/2019,60143
4/6/2019,45755
4/7/2019,48142
4/8/2019,32123
4/9/2019,50650
4/10/2019,30616
4/11/2019,40466
4/12/2019,31079
4/13/2019,7812
4/14/2019,30011
4/15/2019,40351
4/16/2019,45050
4/17/2019,35276
4/18/2019,40385
4/19/2019,40658
4/20/2019,60476
4/21/2019,40134
4/22/2019,42786
4/23/2019,42140
4/24/2019,50031
4/25/2019,49966
4/26/2019,44042
4/27/2019,32107
4/28/2019,45938
4/29/2019,40172
4/30/2019,38824
5/1/2019,30328
5/2/2019,52041
5/3/2019,18426
5/4/2019,48401
5/5/2019,60125
5/6/2019,42340
5/7/2019,33489
5/8/2019,23567
5/9/2019,20483
5/10/2019,35502
5/11/2019,50215
5/12/2019,55070
5/13/2019,30118
5/14/2019,40519
5/15/2019,36695
5/16/2019,30748
5/17/2019,20291
5/18/2019,42815
5/19/2019,40225
5/20/2019,20904
5/21/2019,33243
5/22/2019,50158
5/23/2019,34112
5/24/2019,37738
5/25/2019,74532
5/26/2019,63988
5/27/2019,32699
5/28/2019,35351
5/29/2019,20448
5/30/2019,9327
5/31/2019,61953
6/1/2019,60013
6/2/2019,60203
6/3/2019,4172
6/4/2019,22404
6/5/2019,14791
6/6/2019,30815
6/7/2019,48023
6/8/2019,26586
6/9/2019,40475
6/10/2019,37597
6/11/2019,40581
6/12/2019,36423
6/13/2019,18136
6/14/2019,43023
6/15/2019,62967
6/16/2019,14609
6/17/2019,32636
6/18/2019,38121
6/19/2019,42270
6/20/2019,20754
6/21/2019,36258
6/22/2019,63252
6/23/2019,32460
6/24/2019,32270
6/25/2019,40375
6/26/2019,29159
6/27/2019,40181
6/28/2019,45143
6/29/2019,66609
6/30/2019,45447
7/1/2019,22732
7/2/2019,40736
7/3/2019,14660
7/4/2019,55252
7/5/2019,20522
7/6/2019,100169
7/7/2019,24204
7/8/2019,30176
7/9/2019,30203
7/10/2019,11795
7/11/2019,28754
7/12/2019,38077
7/13/2019,43232
7/14/2019,32536
7/15/2019,21491
7/16/2019,24390
7/17/2019,40018
7/18/2019,45941
7/19/2019,37941
7/20/2019,41866
7/21/2019,20227
7/22/2019,30175
7/23/2019,45579
7/24/2019,45172
7/25/2019,18765
7/26/2019,50104
7/27/2019,52164
7/28/2019,40545
7/29/2019,27054
7/30/2019,45117
7/31/2019,49392
8/1/2019,55333
8/2/2019,19840
8/3/2019,61841
8/4/2019,36510
8/5/2019,35234
8/6/2019,42093
8/7/2019,50246
8/8/2019,16961
8/9/2019,46730
8/10/2019,57364
8/11/2019,42357
8/12/2019,40071
8/13/2019,23306
8/14/2019,45342
8/15/2019,24597
8/16/2019,36687
8/17/2019,40152
8/18/2019,45048
8/19/2019,40128
8/20/2019,40195
8/21/2019,11919
8/22/2019,40890
8/23/2019,31606
8/24/2019,41053
8/25/2019,36248
8/26/2019,45606
8/27/2019,42243
8/28/2019,31635
8/29/2019,42278
8/30/2019,61066
8/31/2019,34497
9/1/2019,45808
9/2/2019,36086
9/3/2019,43579
9/4/2019,32494
9/5/2019,40156
9/6/2019,45066
9/7/2019,35308
9/8/2019,36037
9/9/2019,55166
9/10/2019,43198
9/11/2019,50060
9/12/2019,40097
9/13/2019,45422
9/14/2019,45028
9/15/2019,42289
9/16/2019,50229
9/17/2019,44954
9/18/2019,40163
9/19/2019,35604
9/20/2019,40622
9/21/2019,40373
9/22/2019,4689
9/23/2019,45310
9/24/2019,33488
9/25/2019,58236
9/26/2019,22884
9/27/2019,61940
9/28/2019,47724
9/29/2019,26798
9/30/2019,33586
10/1/2019,42405
10/2/2019,18725
10/3/2019,37701
10/4/2019,43490
10/5/2019,40540
10/6/2019,32172
10/7/2019,60057
10/8/2019,13795
10/9/2019,40340
10/10/2019,33401
10/11/2019,34741
10/12/2019,48068
10/13/2019,60273
10/14/2019,35225
10/15/2019,21637
10/16/2019,8090
10/17/2019,45057
10/18/2019,40127
10/19/2019,28666
10/20/2019,30672
10/21/2019,9121
10/22/2019,30575
10/23/2019,36070
10/24/2019,4997
10/25/2019,2547
10/26/2019,65013
10/27/2019,36627
10/28/2019,28855
10/29/2019,41246
10/30/2019,9538
10/31/2019,21121
11/1/2019,60025
11/2/2019,22555
11/3/2019,31554
11/4/2019,31484
11/5/2019,40408
11/6/2019,50170
11/7/2019,11640
11/8/2019,20034
11/9/2019,22975
11/10/2019,10198
11/11/2019,406
11/12/2019,10651
11/13/2019,30044
11/14/2019,10604
11/15/2019,4367
11/16/2019,42716
11/17/2019,38081
11/18/2019,33157
11/19/2019,12994
11/20/2019,13359
11/21/2019,3506
11/22/2019,30191
11/23/2019,20151
11/24/2019,32981
11/25/2019,30267
11/26/2019,28157
11/27/2019,40028
11/28/2019,40487
11/29/2019,50180
11/30/2019,30087
12/1/2019,5333
12/2/2019,15680
12/3/2019,30231
12/4/2019,18227
12/5/2019,50071
12/6/2019,30524
12/7/2019,32259
12/8/2019,25391
12/9/2019,28852
12/10/2019,20033
12/11/2019,45143
12/12/2019,36054
12/13/2019,40912
12/14/2019,22237
12/15/2019,35022
12/16/2019,25450
12/17/2019,20060
12/18/2019,20058
12/19/2019,32149
12/20/2019,42314
12/21/2019,50242
12/22/2019,45065
12/23/2019,40569
12/24/2019,33857
12/25/2019,50182
12/26/2019,14664
12/27/2019,34244
12/28/2019,36237
12/29/2019,30903
12/30/2019,25016
12/31/2019,54031
1/1/2020,30013
1/2/2020,40453
1/3/2020,22820
1/4/2020,54371
1/5/2020,42650
1/6/2020,35336
1/7/2020,50029
1/8/2020,52095
1/9/2020,53167
1/10/2020,30481
1/11/2020,26243
1/12/2020,30203
1/13/2020,52855
1/14/2020,25016
1/15/2020,45112
1/16/2020,9185
1/17/2020,36436
1/18/2020,28266
1/19/2020,50573
1/20/2020,50427
1/21/2020,8599
1/22/2020,30792
1/23/2020,35863
1/24/2020,60176
1/25/2020,41620
1/26/2020,33867
1/27/2020,20003
1/28/2020,892
1/29/2020,5334
1/30/2020,58063
1/31/2020,17814
2/1/2020,63993
2/2/2020,62193
2/3/2020,12944
2/4/2020,5124
2/5/2020,4016
2/6/2020,29701
2/7/2020,55328
2/8/2020,32877
2/9/2020,55884
2/10/2020,14036
2/11/2020,15566
2/12/2020,32895
2/13/2020,8674
2/14/2020,36070
2/15/2020,70724
2/16/2020,35073
2/17/2020,65083
2/18/2020,20545
2/19/2020,30783
2/20/2020,48401
2/21/2020,40167
2/22/2020,60316
2/23/2020,22361
2/24/2020,43027
2/25/2020,3115
2/26/2020,36463
2/27/2020,56780
2/28/2020,38616
2/29/2020,53673
3/1/2020,38536
3/2/2020,45072
3/3/2020,42466
3/4/2020,13265
3/5/2020,80206
3/6/2020,41404
3/7/2020,43920
3/8/2020,33356
3/9/2020,46999
3/10/2020,45329
3/11/2020,52128
3/12/2020,43848
3/13/2020,29643
3/14/2020,55770
3/15/2020,62062
3/16/2020,46279
3/17/2020,16192
3/18/2020,47652
3/19/2020,46750
3/20/2020,24364
3/21/2020,60834
3/22/2020,60426
3/23/2020,45207
3/24/2020,53459
3/25/2020,51877
3/26/2020,32103
3/27/2020,48095
3/28/2020,55103
3/29/2020,45364
3/30/2020,30217
3/31/2020,40284
4/1/2020,24553
4/2/2020,22319
4/3/2020,30947
4/4/2020,40248
4/5/2020,48102
4/6/2020,45215
4/7/2020,56323
4/8/2020,6137
4/9/2020,50016
4/10/2020,28567
4/11/2020,48124
4/12/2020,37006
4/13/2020,21718
4/14/2020,27008
4/15/2020,30638
4/16/2020,35341
4/17/2020,42372
4/18/2020,56788
4/19/2020,48073
4/20/2020,25107
4/21/2020,52623
4/22/2020,15988
4/23/2020,41332
4/24/2020,26833
4/25/2020,37684
4/26/2020,30566
4/27/2020,6
