Date,Steps
2014-10-28,1426
2014-10-29,3370
2014-10-30,3388
2014-10-31,5678
2014-11-01,21181
2014-11-02,2246
2014-11-03,1893
2014-11-04,1897
2014-11-05,2175
2014-11-06,4640
2014-11-07,1442
2014-11-08,4408
2014-11-09,13679
2014-11-10,2221
2014-11-11,4020
2014-11-12,2680
2014-11-13,2113
2014-11-14,4569
2014-11-15,1362
2014-11-16,608
2014-11-17,3900
2014-11-18,1983
2014-11-19,1384
2014-11-20,1785
2014-11-21,5400
2014-11-22,6527
2014-11-23,4546
2014-11-24,2158
2014-11-25,2280
2014-11-26,2302
2014-11-27,6135
2014-11-28,1488
2014-11-29,10099
2014-11-30,3054
2014-12-01,1433
2014-12-02,2988
2014-12-03,4763
2014-12-04,2320
2014-12-05,8047
2014-12-06,4447
2014-12-07,301
2014-12-08,2492
2014-12-09,2416
2014-12-10,2695
2014-12-11,1975
2014-12-12,3097
2014-12-13,1935
2014-12-14,575
2014-12-15,5802
2014-12-16,4111
2014-12-17,2495
2014-12-18,5121
2014-12-19,1283
2014-12-20,10045
2014-12-21,3360
2014-12-22,4026
2014-12-23,1299
2014-12-24,2868
2014-12-25,4058
2014-12-26,2817
2014-12-27,12114
2014-12-28,3521
2014-12-29,2032
2014-12-30,3795
2014-12-31,3442
2015-01-01,2598
2015-01-02,1671
2015-01-03,92
2015-01-04,5023
2015-01-05,1961
2015-01-06,2534
2015-01-07,1786
2015-01-08,3562
2015-01-09,3346
2015-01-10,114
2015-01-11,468
2015-01-12,3444
2015-01-13,2091
2015-01-14,3794
2015-01-15,4177
2015-01-16,1148
2015-01-17,4361
2015-01-18,849
2015-01-19,1976
2015-01-20,3922
2015-01-21,1804
2015-01-22,8984
2015-01-23,4169
2015-01-24,12038
2015-01-25,1281
2015-01-26,6943
2015-01-27,15290
2015-01-28,5458
2015-01-29,8743
2015-01-30,2848
2015-01-31,7009
2015-02-01,5147
2015-02-02,4792
2015-02-03,516
2015-02-04,2936
2015-02-05,3033
2015-02-06,22279
2015-02-07,14166
2015-02-08,5852
2015-02-09,3363
2015-02-10,3080
2015-02-11,3388
2015-02-12,3132
2015-02-13,7490
2015-02-14,9391
2015-02-15,3623
2015-02-16,814
2015-02-17,3846
2015-02-18,8252
2015-02-19,1597
2015-02-20,4048
2015-02-21,4860
2015-02-22,2184
2015-02-23,1962
2015-02-24,5614
2015-02-25,2555
2015-02-26,1756
2015-02-27,405
2015-02-28,1318
2015-03-01,2241
2015-03-02,4028
2015-03-03,4045
2015-03-04,2532
2015-03-05,2372
2015-03-06,3349
2015-03-07,11152
2015-03-08,654
2015-03-09,4470
2015-03-10,4065
2015-03-11,4562
2015-03-12,2798
2015-03-13,2703
2015-03-14,12668
2015-03-15,9927
2015-03-16,3063
2015-03-17,3218
2015-03-18,3074
2015-03-19,5923
2015-03-20,5548
2015-03-21,2060
2015-03-22,681
2015-03-23,4186
2015-03-24,8031
2015-03-25,2847
2015-03-26,4453
2015-03-27,8091
2015-03-28,10210
2015-03-29,4346
2015-03-30,4909
2015-03-31,10913
2015-04-01,9842
2015-04-02,13371
2015-04-03,7576
2015-04-04,27276
2015-04-05,18383
2015-04-06,6727
2015-04-07,4456
2015-04-08,2974
2015-04-09,170
2015-04-10,2373
2015-04-11,5499
2015-04-12,653
2015-04-13,2475
2015-04-14,2766
2015-04-15,2559
2015-04-16,8518
2015-04-17,8828
2015-04-18,10502
2015-04-19,749
2015-04-20,2004
2015-04-21,3337
2015-04-22,3311
2015-04-23,3491
2015-04-24,1703
2015-04-25,10666
2015-04-26,736
2015-04-27,2583
2015-04-28,2113
2015-04-29,2871
2015-04-30,3758
2015-05-01,6515
2015-05-02,4755
2015-05-03,3309
2015-05-04,4197
2015-05-05,2755
2015-05-06,3732
2015-05-07,2736
2015-05-08,6142
2015-05-09,14036
2015-05-10,6502
2015-05-11,11721
2015-05-12,711
2015-05-13,6208
2015-05-14,4072
2015-05-15,6818
2015-05-16,12952
2015-05-17,4175
2015-05-18,3223
2015-05-19,3149
2015-05-20,5068
2015-05-21,5686
2015-05-22,3335
2015-05-23,12089
2015-05-24,4639
2015-05-25,1489
2015-05-26,6032
2015-05-27,2776
2015-05-28,3788
2015-05-29,3265
2015-05-30,5184
2015-05-31,9381
2015-06-01,4510
2015-06-02,2823
2015-06-03,5794
2015-06-04,4137
2015-06-05,2858
2015-06-06,20442
2015-06-07,3152
2015-06-08,3205
2015-06-09,1994
2015-06-10,4331
2015-06-11,3697
2015-06-12,7045
2015-06-13,9230
2015-06-14,1194
2015-06-15,5147
2015-06-16,2663
2015-06-17,4299
2015-06-18,7195
2015-06-19,9960
2015-06-20,13267
2015-06-21,1644
2015-06-22,5124
2015-06-23,7497
2015-06-24,9236
2015-06-25,6429
2015-06-26,13721
2015-06-27,13597
2015-06-28,4635
2015-06-29,6396
2015-06-30,6719
2015-07-01,5779
2015-07-02,7249
2015-07-03,11650
2015-07-04,10504
2015-07-05,2677
2015-07-06,5836
2015-07-07,4921
2015-07-08,3788
2015-07-09,5500
2015-07-10,12278
2015-07-11,12847
2015-07-12,2245
2015-07-13,4485
2015-07-14,5048
2015-07-15,8473
2015-07-16,13307
2015-07-17,22746
2015-07-18,24741
2015-07-19,6893
2015-07-20,6406
2015-07-21,5063
2015-07-22,7347
2015-07-23,5621
2015-07-24,7607
2015-07-25,7893
2015-07-26,3615
2015-07-27,6480
2015-07-28,6306
2015-07-29,2752
2015-07-30,6449
2015-07-31,6130
2015-08-01,18723
2015-08-02,6685
2015-08-03,8004
2015-08-04,5827
2015-08-05,2470
2015-08-06,7610
2015-08-07,8947
2015-08-08,2984
2015-08-09,1948
2015-08-10,3345
2015-08-11,3334
2015-08-12,3497
2015-08-13,7676
2015-08-14,7171
2015-08-15,1715
2015-08-16,3490
2015-08-17,4131
2015-08-18,1710
2015-08-19,1744
2015-08-20,4697
2015-08-21,9628
2015-08-22,5683
2015-08-23,8448
2015-08-24,4591
2015-08-25,5975
2015-08-26,5092
2015-08-27,4899
2015-08-28,8050
2015-08-29,13070
2015-08-30,4545
2015-08-31,8572
2015-09-01,11205
2015-09-02,10067
2015-09-03,10264
2015-09-04,8914
2015-09-05,9842
2015-09-06,921
2015-09-07,1988
2015-09-08,8467
2015-09-09,5632
2015-09-10,3372
2015-09-11,8801
2015-09-12,10886
2015-09-13,1775
2015-09-14,2704
2015-09-15,7987
2015-09-16,7872
2015-09-17,2894
2015-09-18,5242
2015-09-19,11223
2015-09-20,3862
2015-09-21,5159
2015-09-22,6958
2015-09-23,12930
2015-09-24,10874
2015-09-25,9113
2015-09-26,28796
2015-09-27,13184
2015-09-28,6368
2015-09-29,7182
2015-09-30,4537
2015-10-01,6154
2015-10-02,10014
2015-10-03,3850
2015-10-04,1354
2015-10-05,4663
2015-10-06,5682
2015-10-07,8199
2015-10-08,6926
2015-10-09,8589
2015-10-10,16591
2015-10-11,10989
2015-10-12,3036
2015-10-13,3746
2015-10-14,4694
2015-10-15,4159
2015-10-16,7122
2015-10-17,23480
2015-10-18,8313
2015-10-19,3870
2015-10-20,7063
2015-10-21,9969
2015-10-22,7568
2015-10-23,12410
2015-10-24,5166
2015-10-25,9466
2015-10-26,6680
2015-10-27,8814
2015-10-28,5069
2015-10-29,3166
2015-10-30,16488
2015-10-31,23189
2015-11-01,12741
2015-11-02,2815
2015-11-03,9746
2015-11-04,4568
2015-11-05,4918
2015-11-06,8493
2015-11-07,16569
2015-11-08,1154
2015-11-09,5575
2015-11-10,4341
2015-11-11,2994
2015-11-12,4928
2015-11-13,8032
2015-11-14,4482
2015-11-15,2258
2015-11-16,3339
2015-11-17,6151
2015-11-18,4452
2015-11-19,6057
2015-11-20,7788
2015-11-21,8980
2015-11-22,973
2015-11-23,3867
2015-11-24,5981
2015-11-25,4549
2015-11-26,1363
2015-11-27,4377
2015-11-28,6814
2015-11-29,7081
2015-11-30,7430
2015-12-01,4384
2015-12-02,3908
2015-12-03,8440
2015-12-04,11851
2015-12-05,9000
2015-12-06,5714
2015-12-07,1628
2015-12-08,3597
2015-12-09,2618
2015-12-10,7852
2015-12-11,6954
2015-12-12,13548
2015-12-13,7858
2015-12-14,5742
2015-12-15,3798
2015-12-16,4459
2015-12-17,3834
2015-12-18,8459
2015-12-19,11238
2015-12-20,3013
2015-12-21,2133
2015-12-22,10809
2015-12-23,9509
2015-12-24,4787
2015-12-25,8861
2015-12-26,5936
2015-12-27,767
2015-12-28,6910
2015-12-29,6235
2015-12-30,3189
2015-12-31,7677
2016-01-01,1999
2016-01-02,4666
2016-01-03,4655
2016-01-04,5438
2016-01-05,5579
2016-01-06,8190
2016-01-07,5114
2016-01-08,9981
2016-01-09,1329
2016-01-10,4307
2016-01-11,1653
2016-01-12,3352
2016-01-13,6990
2016-01-14,9275
2016-01-15,7217
2016-01-16,5162
2016-01-17,4564
2016-01-18,3723
2016-01-19,3081
2016-01-20,4681
2016-01-21,3912
2016-01-22,11853
2016-01-23,13318
2016-01-24,585
2016-01-25,5035
2016-01-26,4278
2016-01-27,2756
2016-01-28,1890
2016-01-29,1889
2016-01-30,2699
2016-01-31,1731
2016-02-01,916
2016-02-02,5484
2016-02-03,3793
2016-02-04,7183
2016-02-05,9809
2016-02-06,308
2016-02-07,3785
2016-02-08,7639
2016-02-09,4731
2016-02-10,8436
2016-02-11,8929
2016-02-12,6721
2016-02-13,5238
2016-02-14,5206
2016-02-15,2202
2016-02-16,6129
2016-02-17,7266
2016-02-18,11507
2016-02-19,6623
2016-02-20,11060
2016-02-21,3591
2016-02-22,4116
2016-02-23,4252
2016-02-24,5488
2016-02-25,5295
2016-02-26,5804
2016-02-27,7433
2016-02-28,269
2016-02-29,3227
2016-03-01,15919
2016-03-02,5475
2016-03-03,10843
2016-03-04,14699
2016-03-05,4860
2016-03-06,25737
2016-03-07,10674
2016-03-08,30675
2016-03-09,10290
2016-03-10,7265
2016-03-11,16533
2016-03-12,10069
2016-03-13,4422
2016-03-14,3653
2016-03-15,5396
2016-03-16,13008
2016-03-17,10750
2016-03-18,21940
2016-03-19,19717
2016-03-20,4852
2016-03-21,5276
2016-03-22,3130
2016-03-23,11392
2016-03-24,13705
2016-03-25,4764
2016-03-26,18506
2016-03-27,11682
2016-03-28,7635
2016-03-29,11882
2016-03-30,11420
2016-03-31,10068
2016-04-01,32423
2016-04-02,10219
2016-04-03,27347
2016-04-04,18658
2016-04-05,11854
2016-04-06,12645
2016-04-07,11054
2016-04-08,31548
2016-04-09,12599
2016-04-10,14355
2016-04-11,10150
2016-04-12,11013
2016-04-13,10037
2016-04-14,15457
2016-04-15,30200
2016-04-16,21023
2016-04-17,13702
2016-04-18,10582
2016-04-19,10231
2016-04-20,12486
2016-04-21,15651
2016-04-22,28903
2016-04-23,25266
2016-04-24,15396
2016-04-25,15116
2016-04-26,10816
2016-04-27,11119
2016-04-28,10589
2016-04-29,11948
2016-04-30,21483
2016-05-01,12495
2016-05-02,10223
2016-05-03,11580
2016-05-04,15442
2016-05-05,15273
2016-05-06,25488
2016-05-07,10634
2016-05-08,10241
2016-05-09,10771
2016-05-10,12845
2016-05-11,10565
2016-05-12,19375
2016-05-13,13280
2016-05-14,24864
2016-05-15,10528
2016-05-16,6812
2016-05-17,10286
2016-05-18,11219
2016-05-19,10228
2016-05-20,16164
2016-05-21,23894
2016-05-22,10602
2016-05-23,10358
2016-05-24,6201
2016-05-25,10174
2016-05-26,11988
2016-05-27,10960
2016-05-28,15513
2016-05-29,10799
2016-05-30,11452
2016-05-31,10311
2016-06-01,10741
2016-06-02,10516
2016-06-03,37149
2016-06-04,10098
2016-06-05,10624
2016-06-06,13567
2016-06-07,18444
2016-06-08,15483
2016-06-09,14759
2016-06-10,12270
2016-06-11,35936
2016-06-12,13769
2016-06-13,18457
2016-06-14,13693
2016-06-15,12178
2016-06-16,23320
2016-06-17,19876
2016-06-18,15082
2016-06-19,12240
2016-06-20,12172
2016-06-21,8170
2016-06-22,12467
2016-06-23,14787
2016-06-24,12453
2016-06-25,17950
2016-06-26,12062
2016-06-27,12279
2016-06-28,12262
2016-06-29,12798
2016-06-30,10872
2016-07-01,15402
2016-07-02,14158
2016-07-03,11546
2016-07-04,11963
2016-07-05,12255
2016-07-06,12153
2016-07-07,5844
2016-07-08,13864
2016-07-09,6532
2016-07-10,18712
2016-07-11,12356
2016-07-12,8962
2016-07-13,7606
2016-07-14,12550
2016-07-15,8515
2016-07-16,15099
2016-07-17,8256
2016-07-18,6210
2016-07-19,6288
2016-07-20,13614
2016-07-21,13942
2016-07-22,5676
2016-07-23,24194
2016-07-24,6706
2016-07-25,4708
2016-07-26,10896
2016-07-27,11889
2016-07-28,9973
2016-07-29,17306
2016-07-30,14004
2016-07-31,6602
2016-08-01,7731
2016-08-02,14585
2016-08-03,16519
2016-08-04,11966
2016-08-05,18353
2016-08-06,16679
2016-08-07,12027
2016-08-08,13669
2016-08-09,12348
2016-08-10,20136
2016-08-11,12230
2016-08-12,21599
2016-08-13,15034
2016-08-14,21860
2016-08-15,12936
2016-08-16,12468
2016-08-17,12099
2016-08-18,13052
2016-08-19,26800
2016-08-20,12291
2016-08-21,12309
2016-08-22,12255
2016-08-23,14945
2016-08-24,13749
2016-08-25,10328
2016-08-26,14403
2016-08-27,14830
2016-08-28,12813
2016-08-29,12712
2016-08-30,12532
2016-08-31,11625
2016-09-01,13124
2016-09-02,13929
2016-09-03,21385
2016-09-04,12115
2016-09-05,13097
2016-09-06,14305
2016-09-07,12406
2016-09-08,12218
2016-09-09,14553
2016-09-10,15479
2016-09-11,12342
2016-09-12,15146
2016-09-13,13067
2016-09-14,17223
2016-09-15,16421
2016-09-16,16260
2016-09-17,21745
2016-09-18,17268
2016-09-19,12211
2016-09-20,16128
2016-09-21,15248
2016-09-22,17176
2016-09-23,13662
2016-09-24,35752
2016-09-25,15263
2016-09-26,12116
2016-09-27,15483
2016-09-28,12102
2016-09-29,23912
2016-09-30,12913
2016-10-01,15026
2016-10-02,31489
2016-10-03,12056
2016-10-04,12487
2016-10-05,15843
2016-10-06,12501
2016-10-07,13397
2016-10-08,15718
2016-10-09,14669
2016-10-10,13447
2016-10-11,12336
2016-10-12,9264
2016-10-13,12993
2016-10-14,15554
2016-10-15,11938
2016-10-16,12765
2016-10-17,13196
2016-10-18,12614
2016-10-19,12194
2016-10-20,10254
2016-10-21,12877
2016-10-22,17091
2016-10-23,7223
2016-10-24,24349
2016-10-25,3889
2016-10-26,20468
2016-10-27,13966
2016-10-28,16704
2016-10-29,11635
2016-10-30,21755
2016-10-31,5825
2016-11-01,14347
2016-11-02,6412
2016-11-03,8806
2016-11-04,15840
2016-11-05,16109
2016-11-06,11350
2016-11-07,12699
2016-11-08,9513
2016-11-09,10312
2016-11-10,12263
2016-11-11,12359
2016-11-12,7597
2016-11-13,2220
2016-11-14,11467
2016-11-15,8412
2016-11-16,9490
2016-11-17,7117
2016-11-18,522
2016-11-19,12928
2016-11-20,10009
2016-11-21,11161
2016-11-22,9249
2016-11-23,7539
2016-11-24,2017
2016-11-25,20148
2016-11-26,25579
2016-11-27,7866
2016-11-28,11345
2016-11-29,10412
2016-11-30,13783
2016-12-01,6298
2016-12-02,9853
2016-12-03,5094
2016-12-04,11560
2016-12-05,9179
2016-12-06,10420
2016-12-07,9359
2016-12-08,8831
2016-12-09,21209
2016-12-10,10435
2016-12-11,14014
2016-12-12,9674
2016-12-13,10089
2016-12-14,12667
2016-12-15,9175
2016-12-16,10035
2016-12-17,15767
2016-12-18,1587
2016-12-19,7526
2016-12-20,10879
2016-12-21,12822
2016-12-22,12600
2016-12-23,14661
2016-12-24,13434
2016-12-25,7051
2016-12-26,10729
2016-12-27,10397
2016-12-28,11086
2016-12-29,11987
2016-12-30,9389
2016-12-31,9894
2017-01-01,21956
2017-01-02,15402
2017-01-03,10855
2017-01-04,10516
2017-01-05,10693
2017-01-06,16179
2017-01-07,9153
2017-01-08,10566
2017-01-09,9191
2017-01-10,10656
2017-01-11,10862
2017-01-12,10761
2017-01-13,9865
2017-01-14,11246
2017-01-15,10685
2017-01-16,15217
2017-01-17,20052
2017-01-18,15334
2017-01-19,15327
2017-01-20,15017
2017-01-21,20662
2017-01-22,15384
2017-01-23,15947
2017-01-24,16325
2017-01-25,12197
2017-01-26,17292
2017-01-27,18150
2017-01-28,16300
2017-01-29,20132
2017-01-30,18768
2017-01-31,15186
2017-02-01,19869
2017-02-02,15207
2017-02-03,20977
2017-02-04,39966
2017-02-05,21210
2017-02-06,15364
2017-02-07,21005
2017-02-08,15193
2017-02-09,19964
2017-02-10,25412
2017-02-11,59716
2017-02-12,15223
2017-02-13,15040
2017-02-14,20015
2017-02-15,14581
2017-02-16,15961
2017-02-17,15512
2017-02-18,41367
2017-02-19,15269
2017-02-20,15194
2017-02-21,20161
2017-02-22,18223
2017-02-23,16885
2017-02-24,32217
2017-02-25,20115
2017-02-26,15165
2017-02-27,14957
2017-02-28,15316
2017-03-01,20496
2017-03-02,15734
2017-03-03,28069
2017-03-04,15386
2017-03-05,15090
2017-03-06,15153
2017-03-07,14843
2017-03-08,15199
2017-03-09,15060
2017-03-10,14888
2017-03-11,15329
2017-03-12,18455
2017-03-13,17333
2017-03-14,15140
2017-03-15,15735
2017-03-16,15151
2017-03-17,30017
2017-03-18,15419
2017-03-19,15144
2017-03-20,15837
2017-03-21,20917
2017-03-22,15433
2017-03-23,17609
2017-03-24,12374
2017-03-25,18488
2017-03-26,15292
2017-03-27,16117
2017-03-28,15858
2017-03-29,15397
2017-03-30,15155
2017-03-31,16762
2017-04-01,16352
2017-04-02,24954
2017-04-03,14917
2017-04-04,15177
2017-04-05,15059
2017-04-06,15132
2017-04-07,21395
2017-04-08,36864
2017-04-09,14783
2017-04-10,15195
2017-04-11,15238
2017-04-12,15127
2017-04-13,15851
2017-04-14,19724
2017-04-15,23783
2017-04-16,14735
2017-04-17,15493
2017-04-18,16162
2017-04-19,15856
2017-04-20,15970
2017-04-21,15737
2017-04-22,15595
2017-04-23,20727
2017-04-24,25368
2017-04-25,20203
2017-04-26,21948
2017-04-27,20205
2017-04-28,29441
2017-04-29,21058
2017-04-30,20686
2017-05-01,20435
2017-05-02,21885
2017-05-03,20512
2017-05-04,21213
2017-05-05,23366
2017-05-06,28316
2017-05-07,40186
2017-05-08,20246
2017-05-09,25130
2017-05-10,25216
2017-05-11,25294
2017-05-12,34111
2017-05-13,35515
2017-05-14,30378
2017-05-15,25139
2017-05-16,30506
2017-05-17,30640
2017-05-18,30391
2017-05-19,40293
2017-05-20,30592
2017-05-21,29994
2017-05-22,27991
2017-05-23,21280
2017-05-24,32387
2017-05-25,15431
2017-05-26,22998
2017-05-27,20861
2017-05-28,30784
2017-05-29,22713
2017-05-30,26145
2017-05-31,30433
2017-06-01,30278
2017-06-02,24191
2017-06-03,30368
2017-06-04,25437
2017-06-05,30178
2017-06-06,15334
2017-06-07,22068
2017-06-08,21061
2017-06-09,22197
2017-06-10,21398
2017-06-11,30754
2017-06-12,31072
2017-06-13,30253
2017-06-14,22535
2017-06-15,15819
2017-06-16,30170
2017-06-17,18484
2017-06-18,15480
2017-06-19,31286
2017-06-20,30522
2017-06-21,16271
2017-06-22,30862
2017-06-23,30479
2017-06-24,65061
2017-06-25,31026
2017-06-26,30144
2017-06-27,20630
2017-06-28,30970
2017-06-29,30555
2017-06-30,20664
2017-07-01,20946
2017-07-02,29541
2017-07-03,18092
2017-07-04,30176
2017-07-05,20530
2017-07-06,24019
2017-07-07,20275
2017-07-08,23992
2017-07-09,15247
2017-07-10,22574
2017-07-11,26239
2017-07-12,30749
2017-07-13,15233
2017-07-14,22371
2017-07-15,30562
2017-07-16,30566
2017-07-17,21047
2017-07-18,15549
2017-07-19,16638
2017-07-20,42939
2017-07-21,21108
2017-07-22,22149
2017-07-23,20761
2017-07-24,21936
2017-07-25,31047
2017-07-26,24095
2017-07-27,23175
2017-07-28,33316
2017-07-29,26112
2017-07-30,32789
2017-07-31,22195
2017-08-01,22780
2017-08-02,35172
2017-08-03,20896
2017-08-04,24736
2017-08-05,21550
2017-08-06,33021
2017-08-07,21279
2017-08-08,31761
2017-08-09,21171
2017-08-10,35870
2017-08-11,20743
2017-08-12,20920
2017-08-13,21534
2017-08-14,21005
2017-08-15,31572
2017-08-16,14584
2017-08-17,20819
2017-08-18,22205
2017-08-19,23520
2017-08-20,21966
2017-08-21,21361
2017-08-22,18156
2017-08-23,21585
2017-08-24,20408
2017-08-25,15394
2017-08-26,19674
2017-08-27,17403
2017-08-28,17120
2017-08-29,22839
2017-08-30,21886
2017-08-31,23827
2017-09-01,29000
2017-09-02,27505
2017-09-03,23731
2017-09-04,27305
2017-09-05,19284
2017-09-06,22111
2017-09-07,22744
2017-09-08,27327
2017-09-09,46681
2017-09-10,16488
2017-09-11,16858
2017-09-12,23577
2017-09-13,34984
2017-09-14,23116
2017-09-15,17173
2017-09-16,17999
2017-09-17,19491
2017-09-18,21485
2017-09-19,33779
2017-09-20,17455
2017-09-21,24400
2017-09-22,31117
2017-09-23,21147
2017-09-24,32767
2017-09-25,14475
2017-09-26,21038
2017-09-27,23666
2017-09-28,33258
2017-09-29,20343
2017-09-30,55739
2017-10-01,22277
2017-10-02,23038
2017-10-03,22334
2017-10-04,23306
2017-10-05,51246
2017-10-06,47145
2017-10-07,60136
2017-10-08,27481
2017-10-09,22642
2017-10-10,20310
2017-10-11,28978
2017-10-12,35620
2017-10-13,43643
2017-10-14,78127
2017-10-15,24443
2017-10-16,21436
2017-10-17,23739
2017-10-18,37102
2017-10-19,43531
2017-10-20,45484
2017-10-21,48249
2017-10-22,21407
2017-10-23,24041
2017-10-24,31278
2017-10-25,49141
2017-10-26,41821
2017-10-27,18724
2017-10-28,34800
2017-10-29,49324
2017-10-30,30045
2017-10-31,4571
2017-11-01,6687
2017-11-02,12321
2017-11-03,16714
2017-11-04,19871
2017-11-05,21198
2017-11-06,54
2017-11-07,3757
2017-11-08,24700
2017-11-09,15758
2017-11-10,26119
2017-11-11,39488
2017-11-12,9065
2017-11-13,825
2017-11-14,5316
2017-11-15,22282
2017-11-16,326
2017-11-17,14190
2017-11-18,28882
2017-11-19,13156
2017-11-20,1071
2017-11-21,5547
2017-11-22,14461
2017-11-23,11905
2017-11-24,20291
2017-11-25,28287
2017-11-26,22267
2017-11-27,6389
2017-11-28,5496
2017-11-29,18610
2017-11-30,6138
2017-12-01,32868
2017-12-02,27984
2017-12-03,8416
2017-12-04,17659
2017-12-05,17957
2017-12-06,6611
2017-12-07,19304
2017-12-08,14044
2017-12-09,40940
2017-12-10,6368
2017-12-11,218
2017-12-12,6188
2017-12-13,4867
2017-12-14,10590
2017-12-15,15097
2017-12-16,32381
2017-12-17,15705
2017-12-18,14919
2017-12-19,10299
2017-12-20,85
2017-12-21,11710
2017-12-22,7636
2017-12-23,16748
2017-12-24,13906
2017-12-25,1356
2017-12-26,1254
2017-12-27,2146
2017-12-28,12807
2017-12-29,10061
2017-12-30,10011
2017-12-31,18761
2018-01-01,4893
2018-01-02,3819
2018-01-03,20922
2018-01-04,2088
2018-01-05,7348
2018-01-06,4478
2018-01-07,207
2018-01-08,2262
2018-01-09,6750
2018-01-10,111
2018-01-11,219
2018-01-12,15940
2018-01-13,23041
2018-01-14,25607
2018-01-15,6967
2018-01-16,2030
2018-01-17,514
2018-01-18,16072
2018-01-19,13894
2018-01-20,28725
2018-01-21,43623
2018-01-22,34562
2018-01-23,21807
2018-01-24,16272
2018-01-25,17061
2018-01-26,10558
2018-01-27,18231
2018-01-28,15565
2018-01-29,4182
2018-01-30,26891
2018-01-31,10671
2018-02-01,22395
2018-02-02,30909
2018-02-03,14065
2018-02-04,2108
2018-02-05,12791
2018-02-06,20111
2018-02-07,7077
2018-02-08,6510
2018-02-09,10591
2018-02-10,20738
2018-02-11,33791
2018-02-12,18672
2018-02-13,28037
2018-02-14,3704
2018-02-15,10666
2018-02-16,23118
2018-02-17,26196
2018-02-18,30528
2018-02-19,19621
2018-02-20,15307
2018-02-21,21087
2018-02-22,6264
2018-02-23,23959
2018-02-24,37151
2018-02-25,41304
2018-02-26,13708
2018-02-27,20325
2018-02-28,15620
2018-03-01,27264
2018-03-02,19485
2018-03-03,36512
2018-03-04,28135
2018-03-05,2853
2018-03-06,20750
2018-03-07,30114
2018-03-08,30432
2018-03-09,25994
2018-03-10,30814
2018-03-11,12806
2018-03-12,16661
2018-03-13,20331
2018-03-14,20157
2018-03-15,40057
2018-03-16,34084
2018-03-17,13339
2018-03-18,4933
2018-03-19,14094
2018-03-20,18128
2018-03-21,23797
2018-03-22,23413
2018-03-23,35439
2018-03-24,38083
2018-03-25,24042
2018-03-26,1820
2018-03-27,3393
2018-03-28,22392
2018-03-29,36135
2018-03-30,82108
2018-03-31,33163
2018-04-01,8804
2018-04-02,1875
2018-04-03,7457
2018-04-04,19949
2018-04-05,33291
2018-04-06,7022
2018-04-07,34223
2018-04-08,31203
2018-04-09,675
2018-04-10,5611
2018-04-11,21832
2018-04-12,44066
2018-04-13,21080
2018-04-14,5737
2018-04-15,2231
2018-04-16,10662
2018-04-17,37253
2018-04-18,23599
2018-04-19,30560
2018-04-20,57012
2018-04-21,3945
2018-04-22,7996
2018-04-23,31212
2018-04-24,28350
2018-04-25,13922
2018-04-26,38208
2018-04-27,32040
2018-04-28,32333
2018-04-29,19394
2018-04-30,20123
2018-05-01,19401
2018-05-02,18334
2018-05-03,21850
2018-05-04,33769
2018-05-05,44440
2018-05-06,28520
2018-05-07,12464
2018-05-08,5645
2018-05-09,22335
2018-05-10,26762
2018-05-11,26557
2018-05-12,73819
2018-05-13,6298
2018-05-14,17637
2018-05-15,12902
2018-05-16,36147
2018-05-17,13058
2018-05-18,43539
2018-05-19,49988
2018-05-20,43012
2018-05-21,26450
2018-05-22,24724
2018-05-23,30358
2018-05-24,33393
2018-05-25,50060
2018-05-26,53212
2018-05-27,44081
2018-05-28,31937
2018-05-29,33957
2018-05-30,35314
2018-05-31,11479
2018-06-01,86122
2018-06-02,74230
2018-06-03,10674
2018-06-04,13162
2018-06-05,10611
2018-06-06,30226
2018-06-07,4290
2018-06-08,19757
2018-06-09,17421
2018-06-10,41966
2018-06-11,13473
2018-06-12,19719
2018-06-13,21334
2018-06-14,56029
2018-06-15,43968
2018-06-16,75028
2018-06-17,16594
2018-06-18,46503
2018-06-19,3768
2018-06-20,21700
2018-06-21,29966
2018-06-22,63297
2018-06-23,68356
2018-06-24,26910
2018-06-25,3255
2018-06-26,37570
2018-06-27,46515
2018-06-28,30640
2018-06-29,45269
2018-06-30,10650
2018-07-01,13284
2018-07-02,15960
2018-07-03,22200
2018-07-04,45193
2018-07-05,53265
2018-07-06,32388
2018-07-07,87082
2018-07-08,25371
2018-07-09,3820
2018-07-10,31022
2018-07-11,21823
2018-07-12,53295
2018-07-13,57020
2018-07-14,66921
2018-07-15,20362
2018-07-16,11343
2018-07-17,44400
2018-07-18,60197
2018-07-19,36012
2018-07-20,67238
2018-07-21,40953
2018-07-22,2465
2018-07-23,20159
2018-07-24,44376
2018-07-25,45645
2018-07-26,15746
2018-07-27,25284
2018-07-28,48944
2018-07-29,48303
2018-07-30,25126
2018-07-31,22162
2018-08-01,32295
2018-08-02,40275
2018-08-03,38710
2018-08-04,52818
2018-08-05,36956
2018-08-06,26614
2018-08-07,25659
2018-08-08,11554
2018-08-09,22632
2018-08-10,23587
2018-08-11,52175
2018-08-12,30268
2018-08-13,35142
2018-08-14,36044
2018-08-15,30334
2018-08-16,40155
2018-08-17,49272
2018-08-18,24514
2018-08-19,30180
2018-08-20,31563
2018-08-21,46097
2018-08-22,14590
2018-08-23,41541
2018-08-24,15344
2018-08-25,55671
2018-08-26,17093
2018-08-27,22193
2018-08-28,20438
2018-08-29,20079
2018-08-30,50065
2018-08-31,31907
2018-09-01,30338
2018-09-02,20438
2018-09-03,31055
2018-09-04,15197
2018-09-05,20561
2018-09-06,42055
2018-09-07,6563
2018-09-08,28574
2018-09-09,17452
2018-09-10,25375
2018-09-11,30140
2018-09-12,30187
2018-09-13,55138
2018-09-14,35211
2018-09-15,50557
2018-09-16,15718
2018-09-17,23893
2018-09-18,30408
2018-09-19,25171
2018-09-20,35415
2018-09-21,50069
2018-09-22,47787
2018-09-23,45132
2018-09-24,20079
2018-09-25,32728
2018-09-26,15619
2018-09-27,35071
2018-09-28,30198
2018-09-29,52267
2018-09-30,36212
2018-10-01,42201
2018-10-02,18170
2018-10-03,40089
2018-10-04,32327
2018-10-05,35149
2018-10-06,21770
2018-10-07,32237
2018-10-08,20650
2018-10-09,27048
2018-10-10,52095
2018-10-11,42088
2018-10-12,38090
2018-10-13,30085
2018-10-14,17983
2018-10-15,32323
2018-10-16,25602
2018-10-17,20352
2018-10-18,30215
2018-10-19,25214
2018-10-20,50275
2018-10-21,33355
2018-10-22,22940
2018-10-23,35407
2018-10-24,37201
2018-10-25,24631
2018-10-26,38910
2018-10-27,43903
2018-10-28,40054
2018-10-29,22142
2018-10-30,36081
2018-10-31,28129
2018-11-01,10109
2018-11-02,20519
2018-11-03,33554
2018-11-04,8430
2018-11-05,16257
2018-11-06,50330
2018-11-07,8055
2018-11-08,4993
2018-11-09,32238
2018-11-10,24451
2018-11-11,12519
2018-11-12,6241
2018-11-13,20307
2018-11-14,32198
2018-11-15,23749
2018-11-16,35964
2018-11-17,25342
2018-11-18,23257
2018-11-19,10145
2018-11-20,23366
2018-11-21,27174
2018-11-22,20060
2018-11-23,32167
2018-11-24,17218
2018-11-25,10962
2018-11-26,25066
2018-11-27,20276
2018-11-28,22319
2018-11-29,38764
2018-11-30,26241
2018-12-01,20199
2018-12-02,9541
2018-12-03,12223
2018-12-04,12003
2018-12-05,22572
2018-12-06,28263
2018-12-07,15345
2018-12-08,21875
2018-12-09,5770
2018-12-10,7884
2018-12-11,18323
2018-12-12,40559
2018-12-13,21193
2018-12-14,44001
2018-12-15,50029
2018-12-16,35435
2018-12-17,12998
2018-12-18,2530
2018-12-19,31997
2018-12-20,40169
2018-12-21,27178
2018-12-22,23599
2018-12-23,2894
2018-12-24,24050
2018-12-25,25282
2018-12-26,6784
2018-12-27,25468
2018-12-28,21566
2018-12-29,16179
2018-12-30,25075
2018-12-31,42339
2019-01-01,6433
2019-01-02,8241
2019-01-03,2012
2019-01-04,32214
2019-01-05,81186
2019-01-06,5499
2019-01-07,18096
2019-01-08,33712
2019-01-09,22063
2019-01-10,40768
2019-01-11,3030
2019-01-12,20264
2019-01-13,9599
2019-01-14,23313
2019-01-15,15135
2019-01-16,33366
2019-01-17,30043
2019-01-18,45462
2019-01-19,16760
2019-01-20,20418
2019-01-21,10617
2019-01-22,16278
2019-01-23,22341
2019-01-24,24193
2019-01-25,62192
2019-01-26,34198
2019-01-27,13981
2019-01-28,529
2019-01-29,25901
2019-01-30,23101
2019-01-31,21003
2019-02-01,25553
2019-02-02,24574
2019-02-03,30877
2019-02-04,14438
2019-02-05,20710
2019-02-06,2466
2019-02-07,3203
2019-02-08,38448
2019-02-09,34265
2019-02-10,21799
2019-02-11,28457
2019-02-12,22813
2019-02-13,20018
2019-02-14,27364
2019-02-15,16573
2019-02-16,18650
2019-02-17,50138
2019-02-18,7242
2019-02-19,1108
2019-02-20,35357
2019-02-21,52086
2019-02-22,25420
2019-02-23,17694
2019-02-24,23495
2019-02-25,7394
2019-02-26,8106
2019-02-27,8860
2019-02-28,13114
2019-03-01,26148
2019-03-02,25121
2019-03-03,4088
2019-03-04,8703
2019-03-05,19963
2019-03-06,8267
2019-03-07,30065
2019-03-08,20091
2019-03-09,42053
2019-03-10,13263
2019-03-11,28037
2019-03-12,30025
2019-03-13,14203
2019-03-14,17567
2019-03-15,28925
2019-03-16,37350
2019-03-17,28153
2019-03-18,23662
2019-03-19,30122
2019-03-20,34157
2019-03-21,35425
2019-03-22,28250
2019-03-23,40079
2019-03-24,10690
2019-03-25,29951
2019-03-26,34171
2019-03-27,30064
2019-03-28,41558
2019-03-29,23492
2019-03-30,27911
2019-03-31,20373
2019-04-01,32032
2019-04-02,34995
2019-04-03,34053
2019-04-04,35256
2019-04-05,60143
2019-04-06,45755
2019-04-07,48142
2019-04-08,32123
2019-04-09,50650
2019-04-10,30616
2019-04-11,40466
2019-04-12,31079
2019-04-13,7812
2019-04-14,30011
2019-04-15,40351
2019-04-16,45050
2019-04-17,35276
2019-04-18,40385
2019-04-19,40658
2019-04-20,60476
2019-04-21,40134
2019-04-22,42786
2019-04-23,42140
2019-04-24,50031
2019-04-25,49966
2019-04-26,44042
2019-04-27,32107
2019-04-28,45938
2019-04-29,40172
2019-04-30,38824
2019-05-01,30328
2019-05-02,52041
2019-05-03,18426
2019-05-04,48401
2019-05-05,60125
2019-05-06,42340
2019-05-07,33489
2019-05-08,23567
2019-05-09,20483
2019-05-10,35502
2019-05-11,50215
2019-05-12,55070
2019-05-13,30118
2019-05-14,40519
2019-05-15,36695
2019-05-16,30748
2019-05-17,20291
2019-05-18,42815
2019-05-19,40225
2019-05-20,20904
2019-05-21,33243
2019-05-22,50158
2019-05-23,34112
2019-05-24,37738
2019-05-25,74532
2019-05-26,63988
2019-05-27,32699
2019-05-28,35351
2019-05-29,20448
2019-05-30,9327
2019-05-31,61953
2019-06-01,60013
2019-06-02,60203
2019-06-03,4172
2019-06-04,22404
2019-06-05,14791
2019-06-06,30815
2019-06-07,48023
2019-06-08,26586
2019-06-09,40475
2019-06-10,37597
2019-06-11,40581
2019-06-12,36423
2019-06-13,18136
2019-06-14,43023
2019-06-15,62967
2019-06-16,14609
2019-06-17,32636
2019-06-18,38121
2019-06-19,42270
2019-06-20,20754
2019-06-21,36258
2019-06-22,63252
2019-06-23,32460
2019-06-24,32270
2019-06-25,40375
2019-06-26,29159
2019-06-27,40181
2019-06-28,45143
2019-06-29,66609
2019-06-30,45447
2019-07-01,22732
2019-07-02,40736
2019-07-03,14660
2019-07-04,55252
2019-07-05,20522
2019-07-06,100169
2019-07-07,24204
2019-07-08,30176
2019-07-09,30203
2019-07-10,11795
2019-07-11,28754
2019-07-12,38077
2019-07-13,43232
2019-07-14,32536
2019-07-15,21491
2019-07-16,24390
2019-07-17,40018
2019-07-18,45941
2019-07-19,37941
2019-07-20,41866
2019-07-21,20227
2019-07-22,30175
2019-07-23,45579
2019-07-24,45172
2019-07-25,18765
2019-07-26,50104
2019-07-27,52164
2019-07-28,40545
2019-07-29,27054
2019-07-30,45117
2019-07-31,49392
2019-08-01,55333
2019-08-02,19840
2019-08-03,61841
2019-08-04,36510
2019-08-05,35234
2019-08-06,42093
2019-08-07,50246
2019-08-08,16961
2019-08-09,46730
2019-08-10,57364
2019-08-11,42357
2019-08-12,40071
2019-08-13,23306
2019-08-14,45342
2019-08-15,24597
2019-08-16,36687
2019-08-17,40152
2019-08-18,45048
2019-08-19,40128
2019-08-20,40195
2019-08-21,11919
2019-08-22,40890
2019-08-23,31606
2019-08-24,41053
2019-08-25,36248
2019-08-26,45606
2019-08-27,42243
2019-08-28,31635
2019-08-29,42278
2019-08-30,61066
2019-08-31,34497
2019-09-01,45808
2019-09-02,36086
2019-09-03,43579
2019-09-04,32494
2019-09-05,40156
2019-09-06,45066
2019-09-07,35308
2019-09-08,36037
2019-09-09,55166
2019-09-10,43198
2019-09-11,50060
2019-09-12,40097
2019-09-13,45422
2019-09-14,45028
2019-09-15,42289
2019-09-16,50229
2019-09-17,44954
2019-09-18,40163
2019-09-19,35604
2019-09-20,40622
2019-09-21,40373
2019-09-22,4689
2019-09-23,45310
2019-09-24,33488
2019-09-25,58236
2019-09-26,22884
2019-09-27,61940
2019-09-28,47724
2019-09-29,26798
2019-09-30,33586
2019-10-01,42405
2019-10-02,18725
2019-10-03,37701
2019-10-04,43490
2019-10-05,40540
2019-10-06,32172
2019-10-07,60057
2019-10-08,13795
2019-10-09,40340
2019-10-10,33401
2019-10-11,34741
2019-10-12,48068
2019-10-13,60273
2019-10-14,35225
2019-10-15,21637
2019-10-16,8090
2019-10-17,45057
2019-10-18,40127
2019-10-19,28666
2019-10-20,30672
2019-10-21,9121
2019-10-22,30575
2019-10-23,36070
2019-10-24,4997
2019-10-25,2547
2019-10-26,65013
2019-10-27,36627
2019-10-28,28855
2019-10-29,41246
2019-10-30,9538
2019-10-31,21121
2019-11-01,60025
2019-11-02,22555
2019-11-03,31554
2019-11-04,31484
2019-11-05,40408
2019-11-06,50170
2019-11-07,11640
2019-11-08,20034
2019-11-09,22975
2019-11-10,10198
2019-11-11,406
2019-11-12,10651
2019-11-13,30044
2019-11-14,10604
2019-11-15,4367
2019-11-16,42716
2019-11-17,38081
2019-11-18,33157
2019-11-19,12994
2019-11-20,13359
2019-11-21,3506
2019-11-22,30191
2019-11-23,20151
2019-11-24,32981
2019-11-25,30267
2019-11-26,28157
2019-11-27,40028
2019-11-28,40487
2019-11-29,50180
2019-11-30,30087
2019-12-01,5333
2019-12-02,15680
2019-12-03,30231
2019-12-04,18227
2019-12-05,50071
2019-12-06,30524
2019-12-07,32259
2019-12-08,25391
2019-12-09,28852
2019-12-10,20033
2019-12-11,45143
2019-12-12,36054
2019-12-13,40912
2019-12-14,22237
2019-12-15,35022
2019-12-16,25450
2019-12-17,20060
2019-12-18,20058
2019-12-19,32149
2019-12-20,42314
2019-12-21,50242
2019-12-22,45065
2019-12-23,40569
2019-12-24,33857
2019-12-25,50182
2019-12-26,14664
2019-12-27,34244
2019-12-28,36237
2019-12-29,30903
2019-12-30,25016
2019-12-31,54031
2020-01-01,30013
2020-01-02,40453
2020-01-03,22820
2020-01-04,54371
2020-01-05,42650
2020-01-06,35336
2020-01-07,50029
2020-01-08,52095
2020-01-09,53167
2020-01-10,30481
2020-01-11,26243
2020-01-12,30203
2020-01-13,52855
2020-01-14,25016
2020-01-15,45112
2020-01-16,9185
2020-01-17,36436
2020-01-18,28266
2020-01-19,50573
2020-01-20,50427
2020-01-21,8599
2020-01-22,30792
2020-01-23,35863
2020-01-24,60176
2020-01-25,41620
2020-01-26,33867
2020-01-27,20003
2020-01-28,892
2020-01-29,5334
2020-01-30,58063
2020-01-31,17814
2020-02-01,63993
2020-02-02,62193
2020-02-03,12944
2020-02-04,5124
2020-02-05,4016
2020-02-06,29701
2020-02-07,55328
2020-02-08,32877
2020-02-09,55884
2020-02-10,14036
2020-02-11,15566
2020-02-12,32895
2020-02-13,8674
2020-02-14,36070
2020-02-15,70724
2020-02-16,35073
2020-02-17,65083
2020-02-18,20545
2020-02-19,30783
2020-02-20,48401
2020-02-21,40167
2020-02-22,60316
2020-02-23,22361
2020-02-24,43027
2020-02-25,3115
2020-02-26,36463
2020-02-27,56780
2020-02-28,38616
2020-02-29,53673
2020-03-01,38536
2020-03-02,45072
2020-03-03,42466
2020-03-04,13265
2020-03-05,80206
2020-03-06,41404
2020-03-07,43920
2020-03-08,33356
2020-03-09,46999
2020-03-10,45329
2020-03-11,52128
2020-03-12,43848
2020-03-13,29643
2020-03-14,55770
2020-03-15,62062
2020-03-16,46279
2020-03-17,16192
2020-03-18,47652
2020-03-19,46750
2020-03-20,24364
2020-03-21,60834
2020-03-22,60426
2020-03-23,45207
2020-03-24,53459
2020-03-25,51877
2020-03-26,32103
2020-03-27,48095
2020-03-28,55103
2020-03-29,45364
2020-03-30,30217
2020-03-31,40284
2020-04-01,24553
2020-04-02,22319
2020-04-03,30947
2020-04-04,40248
2020-04-05,48102
2020-04-06,45215
2020-04-07,56323
2020-04-08,6137
2020-04-09,50016
2020-04-10,28567
2020-04-11,48124
2020-04-12,37006
2020-04-13,21718
2020-04-14,27008
2020-04-15,30638
2020-04-16,35341
2020-04-17,42372
2020-04-18,56788
2020-04-19,48073
2020-04-20,25107
2020-04-21,52623
2020-04-22,15988
2020-04-23,41332
2020-04-24,26833
2020-04-25,37684
2020-04-26,30566
2020-04-27,15711
2020-04-28,48184
2020-04-29,25760
2020-04-30,32996
2020-05-01,50876
2020-05-02,60184
2020-05-03,38273
2020-05-04,41006
2020-05-05,45689
2020-05-06,45160
2020-05-07,39078
2020-05-08,40164
2020-05-09,42890
2020-05-10,50730
2020-05-11,8829
2020-05-12,37217
2020-05-13,40313
2020-05-14,37173
2020-05-15,44689
2020-05-16,66312
2020-05-17,62037
2020-05-18,20584
2020-05-19,60116
2020-05-20,45345
2020-05-21,55937
2020-05-22,46911
2020-05-23,52390
2020-05-24,68416
2020-05-25,32053
2020-05-26,45041
2020-05-27,32344
2020-05-28,48242
2020-05-29,47308
2020-05-30,78325
2020-05-31,34379
2020-06-01,25714
2020-06-02,35696
2020-06-03,40115
2020-06-04,29062
2020-06-05,41612
2020-06-06,44384
2020-06-07,22850
2020-06-08,38756
2020-06-09,16602
2020-06-10,36412
2020-06-11,40842
2020-06-12,40769
2020-06-13,52727
2020-06-14,35541
2020-06-15,16382
2020-06-16,32079
2020-06-17,41594
2020-06-18,40027
2020-06-19,35968
2020-06-20,56050
2020-06-21,45326
2020-06-22,36266
2020-06-23,27136
2020-06-24,42408
2020-06-25,31835
2020-06-26,40085
2020-06-27,56211
2020-06-28,40289
2020-06-29,40644
2020-06-30,20606
2020-07-01,40717
2020-07-02,32505
2020-07-03,40294
2020-07-04,45154
2020-07-05,35134
2020-07-06,36426
2020-07-07,30360
2020-07-08,39256
2020-07-09,55207
2020-07-10,40193
2020-07-11,31423
2020-07-12,30480
2020-07-13,10671
2020-07-14,40066
2020-07-15,10714
2020-07-16,39818
2020-07-17,32596
2020-07-18,40253
2020-07-19,30187
2020-07-20,15296
2020-07-21,30369
2020-07-22,38039
2020-07-23,35130
2020-07-24,35859
2020-07-25,54159
2020-07-26,20140
2020-07-27,16790
2020-07-28,32432
2020-07-29,9568
2020-07-30,17308
2020-07-31,52492
2020-08-01,20004
2020-08-02,50013
2020-08-03,15495
2020-08-04,25792
2020-08-05,38568
2020-08-06,42246
2020-08-07,40930
2020-08-08,30203
2020-08-09,40822
2020-08-10,16078
2020-08-11,40124
2020-08-12,41414
2020-08-13,40271
2020-08-14,48072
2020-08-15,32339
2020-08-16,40322
2020-08-17,17578
2020-08-18,40280
2020-08-19,38560
2020-08-20,50070
2020-08-21,32423
2020-08-22,44054
2020-08-23,35284
2020-08-24,40225
2020-08-25,42003
2020-08-26,13176
2020-08-27,64145
2020-08-28,20116
2020-08-29,40233
2020-08-30,23800
2020-08-31,10519
2020-09-01,40322
2020-09-02,18469
2020-09-03,30391
2020-09-04,36110
2020-09-05,36503
2020-09-06,35620
2020-09-07,34446
2020-09-08,11669
2020-09-09,11733
2020-09-10,35090
2020-09-11,45867
2020-09-12,57019
2020-09-13,50975
2020-09-14,14497
2020-09-15,35985
2020-09-16,36263
2020-09-17,35721
2020-09-18,52124
2020-09-19,42879
2020-09-20,24683
2020-09-21,40116
2020-09-22,43626
2020-09-23,40614
2020-09-24,42134
2020-09-25,45911
2020-09-26,25419
2020-09-27,28293
2020-09-28,13528
2020-09-29,46147
2020-09-30,40050
2020-10-01,40685
2020-10-02,30102
2020-10-03,48218
2020-10-04,48581
2020-10-05,32989
2020-10-06,27367
2020-10-07,45146
2020-10-08,45292
2020-10-09,50126
2020-10-10,52454
2020-10-11,45411
2020-10-12,46677
2020-10-13,47016
2020-10-14,40210
2020-10-15,11030
2020-10-16,67907
2020-10-17,52355
2020-10-18,55117
2020-10-19,51331
2020-10-20,62380
2020-10-21,44021
2020-10-22,45776
2020-10-23,45559
2020-10-24,51764
2020-10-25,40323
2020-10-26,2031
2020-10-27,3318
2020-10-28,29299
2020-10-29,60901
2020-10-30,76757
2020-10-31,50855
2020-11-01,36187
2020-11-02,38107
2020-11-03,42127
2020-11-04,30387
2020-11-05,40240
2020-11-06,36164
2020-11-07,37656
2020-11-08,52827
2020-11-09,33344
2020-11-10,34090
2020-11-11,60304
2020-11-12,33281
2020-11-13,33402
2020-11-14,50971
2020-11-15,55115
2020-11-16,35876
2020-11-17,50359
2020-11-18,50182
2020-11-19,46088
2020-11-20,44677
2020-11-21,101226
2020-11-22,39167
2020-11-23,29568
2020-11-24,15014
2020-11-25,31807
2020-11-26,62185
2020-11-27,56788
2020-11-28,38434
2020-11-29,37141
2020-11-30,26104
2020-12-01,50127
2020-12-02,22534
2020-12-03,26087
2020-12-04,51346
2020-12-05,50900
2020-12-06,50026
2020-12-07,50299
2020-12-08,49122
2020-12-09,50147
2020-12-10,52355
2020-12-11,49899
2020-12-12,30815
2020-12-13,19535
2020-12-14,32469
2020-12-15,14979
2020-12-16,35553
2020-12-17,36234
2020-12-18,52675
2020-12-19,38750
2020-12-20,61645
2020-12-21,33151
2020-12-22,35506
2020-12-23,55947
2020-12-24,62073
2020-12-25,52438
2020-12-26,68558
2020-12-27,39300
2020-12-28,25855
2020-12-29,27520
2020-12-30,29374
2020-12-31,23211
2021-01-01,52802
2021-01-02,68239
2021-01-03,34240
2021-01-04,32436
2021-01-05,38846
2021-01-06,38104
2021-01-07,30139
2021-01-08,38908
2021-01-09,62650
2021-01-10,70302
2021-01-11,32159
2021-01-12,33559
2021-01-13,35466
2021-01-14,52495
2021-01-15,29664
2021-01-16,70082
2021-01-17,80257
2021-01-18,40864
2021-01-19,21166
2021-01-20,50787
2021-01-21,59679
2021-01-22,63167
2021-01-23,36865
2021-01-24,48698
2021-01-25,29167
2021-01-26,54826
2021-01-27,30386
2021-01-28,45803
2021-01-29,61884
2021-01-30,54646
2021-01-31,35320
2021-02-01,40095
2021-02-02,46918
2021-02-03,53217
2021-02-04,35378
2021-02-05,61447
2021-02-06,43285
2021-02-07,60015
2021-02-08,59
2021-02-09,10129
2021-02-10,474
2021-02-11,265
2021-02-12,6459
2021-02-13,42156
2021-02-14,889
2021-02-15,26
2021-02-16,136
2021-02-17,17788
2021-02-18,3516
2021-02-19,35376
2021-02-20,60830
2021-02-21,38458
2021-02-22,47181
2021-02-23,44498
2021-02-24,32005
2021-02-25,20173
2021-02-26,30804
2021-02-27,49206
2021-02-28,43326
2021-03-01,30180
2021-03-02,48514
2021-03-03,52723
2021-03-04,21572
2021-03-05,56138
2021-03-06,47201
2021-03-07,49432
2021-03-08,50089
2021-03-09,30784
2021-03-10,44489
2021-03-11,42108
2021-03-12,30071
2021-03-13,70866
2021-03-14,42149
2021-03-15,54655
2021-03-16,27851
2021-03-17,41051
2021-03-18,61242
2021-03-19,45441
2021-03-20,70553
2021-03-21,45180
2021-03-22,14641
2021-03-23,43799
2021-03-24,55579
2021-03-25,45008
2021-03-26,50889
2021-03-27,48356
2021-03-28,52020
2021-03-29,47525
2021-03-30,33351
2021-03-31,26240
2021-04-01,30968
2021-04-02,34624
2021-04-03,58175
2021-04-04,52169
2021-04-05,42773
2021-04-06,36565
2021-04-07,52866
2021-04-08,52147
2021-04-09,31660
2021-04-10,53716
2021-04-11,59249
2021-04-12,7706
2021-04-13,42288
2021-04-14,12132
2021-04-15,11101
2021-04-16,81963
2021-04-17,50082
2021-04-18,52124
2021-04-19,31744
2021-04-20,4250
2021-04-21,46493
2021-04-22,22662
2021-04-23,13091
2021-04-24,71007
2021-04-25,66374
2021-04-26,17300
2021-04-27,28898
2021-04-28,7891
2021-04-29,68165
2021-04-30,25937
2021-05-01,75147
2021-05-02,32055
2021-05-03,42963
2021-05-04,36392
2021-05-05,47036
2021-05-06,36577
2021-05-07,30615
2021-05-08,50853
2021-05-09,25533
2021-05-10,50352
2021-05-11,45994
2021-05-12,66531
2021-05-13,51028
2021-05-14,25572
2021-05-15,42350
2021-05-16,41173
2021-05-17,45071
2021-05-18,55360
2021-05-19,55215
2021-05-20,40475
2021-05-21,55433
2021-05-22,52870
2021-05-23,46156
2021-05-24,36934
2021-05-25,55694
2021-05-26,32999
2021-05-27,32397
2021-05-28,57496
2021-05-29,70085
2021-05-30,7798
2021-05-31,3391
2021-06-01,55335
2021-06-02,53996
2021-06-03,36085
2021-06-04,50028
2021-06-05,50288
2021-06-06,36586
2021-06-07,54856
2021-06-08,52871
2021-06-09,60097
2021-06-10,25136
2021-06-11,21623
2021-06-12,41208
2021-06-13,44177
2021-06-14,32246
2021-06-15,55913
2021-06-16,30176
2021-06-17,44933
2021-06-18,58553
2021-06-19,35356
2021-06-20,37715
2021-06-21,43439
2021-06-22,52072
2021-06-23,46984
2021-06-24,60668
2021-06-25,43054
2021-06-26,31759
2021-06-27,25198
2021-06-28,28306
2021-06-29,3792
2021-06-30,37504
2021-07-01,14998
2021-07-02,36976
2021-07-03,39613
2021-07-04,35256
2021-07-05,35545
2021-07-06,51400
2021-07-07,6685
2021-07-08,42025
2021-07-09,25436
2021-07-10,50119
2021-07-11,40360
2021-07-12,30098
2021-07-13,30147
2021-07-14,46945
2021-07-15,40538
2021-07-16,22353
2021-07-17,53859
2021-07-18,35080
2021-07-19,19952
2021-07-20,40408
2021-07-21,30263
2021-07-22,42325
2021-07-23,24158
2021-07-24,30885
2021-07-25,30912
2021-07-26,20715
2021-07-27,40212
2021-07-28,42759
2021-07-29,20233
2021-07-30,37080
2021-07-31,22971
2021-08-01,42112
2021-08-02,14176
2021-08-03,5151
2021-08-04,33308
2021-08-05,35872
2021-08-06,23634
2021-08-07,45842
2021-08-08,30179
2021-08-09,23224
2021-08-10,52067
2021-08-11,44679
2021-08-12,41893
2021-08-13,26178
2021-08-14,52361
2021-08-15,55026
2021-08-16,31090
2021-08-17,20516
2021-08-18,38700
2021-08-19,30650
2021-08-20,53580
2021-08-21,20381
2021-08-22,51970
2021-08-23,42532
2021-08-24,46743
2021-08-25,26472
2021-08-26,38380
2021-08-27,38911
2021-08-28,50830
2021-08-29,33613
2021-08-30,20150
2021-08-31,35683
2021-09-01,32494
2021-09-02,38945
2021-09-03,38884
2021-09-04,45387
2021-09-05,45053
2021-09-06,33506
2021-09-07,45811
2021-09-08,40252
2021-09-09,43598
2021-09-10,22122
2021-09-11,66266
2021-09-12,36016
2021-09-13,38362
2021-09-14,33822
2021-09-15,34761
2021-09-16,40416
2021-09-17,52061
2021-09-18,47440
2021-09-19,40238
2021-09-20,32838
2021-09-21,47791
2021-09-22,47497
2021-09-23,46580
2021-09-24,22557
2021-09-25,67332
2021-09-26,40171
2021-09-27,35083
2021-09-28,55249
2021-09-29,42125
2021-09-30,22602
2021-10-01,32461
2021-10-02,55147
2021-10-03,62495
2021-10-04,50805
2021-10-05,33210
2021-10-06,41415
2021-10-07,51546
2021-10-08,23428
2021-10-09,70278
2021-10-10,45306
2021-10-11,42077
2021-10-12,21182
2021-10-13,12014
2021-10-14,50046
2021-10-15,40738
2021-10-16,46006
2021-10-17,49971
2021-10-18,41883
2021-10-19,25653
2021-10-20,50163
2021-10-21,20658
2021-10-22,55591
2021-10-23,58839
2021-10-24,40269
2021-10-25,81531
2021-10-26,50190
2021-10-27,30656
2021-10-28,63561
2021-10-29,41164
2021-10-30,50759
2021-10-31,30131
2021-11-01,36120
2021-11-02,2438
2021-11-03,21748
2021-11-04,40308
2021-11-05,50039
2021-11-06,47814
2021-11-07,46122
2021-11-08,50522
2021-11-09,47997
2021-11-10,14392
2021-11-11,30009
2021-11-12,43786
2021-11-13,35334
2021-11-14,35185
2021-11-15,40283
2021-11-16,51885
2021-11-17,41627
2021-11-18,79060
2021-11-19,31206
2021-11-20,65079
2021-11-21,31628
2021-11-22,50434
2021-11-23,32202
2021-11-24,65614
2021-11-25,64361
2021-11-26,38201
2021-11-27,73289
2021-11-28,55674
2021-11-29,2661
2021-11-30,33394
2021-12-01,49946
2021-12-02,55161
2021-12-03,61116
2021-12-04,65545
2021-12-05,65923
2021-12-06,44519
2021-12-07,60026
2021-12-08,47475
2021-12-09,72528
2021-12-10,63789
2021-12-11,74167
2021-12-12,48729
2021-12-13,25172
2021-12-14,31215
2021-12-15,55022
2021-12-16,50333
2021-12-17,41654
2021-12-18,50693
2021-12-19,74279
2021-12-20,56009
2021-12-21,62092
2021-12-22,35644
2021-12-23,50469
2021-12-24,73704
2021-12-25,45025
2021-12-26,70063
2021-12-27,21492
2021-12-28,45525
2021-12-29,48897
2021-12-30,47866
2021-12-31,35911
2022-01-01,9878
2022-01-02,5661
2022-01-03,75084
2022-01-04,21049
2022-01-05,3
2022-01-06,263
2022-01-07,11960
2022-01-08,82528
2022-01-09,35106
2022-01-10,14268
2022-01-11,39977
2022-01-12,59260
2022-01-13,45695
2022-01-14,23291
2022-01-15,21677
2022-01-16,36611
2022-01-17,52150
2022-01-18,52557
2022-01-19,15876
2022-01-20,34
2022-01-21,40494
2022-01-22,74214
2022-01-23,56641
2022-01-24,42408
2022-01-25,8338
2022-01-26,2
2022-01-27,75001
2022-01-28,57204
2022-01-29,43778
2022-01-30,35322
2022-01-31,67163
2022-02-01,49700
2022-02-02,55
2022-02-03,11
2022-02-04,20675
2022-02-05,62247
2022-02-06,67777
2022-02-07,60640
2022-02-08,59856
2022-02-09,60809
2022-02-10,63945
2022-02-11,61202
2022-02-12,41130
2022-02-13,76009
2022-02-14,61591
2022-02-15,52784
2022-02-16,62371
2022-02-17,580
2022-02-18,66094
2022-02-19,69437
2022-02-20,67100
2022-02-21,50700
2022-02-22,5792
2022-02-23,666
2022-02-24,12039
2022-02-25,20283
2022-02-26,60402
2022-02-27,70374
2022-02-28,64117
2022-03-01,74204
2022-03-02,86699
2022-03-03,60230
2022-03-04,22330
2022-03-05,31718
2022-03-06,20258
2022-03-07,50582
2022-03-08,65430
2022-03-09,59243
2022-03-10,82039
2022-03-11,38
2022-03-12,48317
2022-03-13,50250
2022-03-14,58987
2022-03-15,64899
2022-03-16,60467
2022-03-17,41017
2022-03-18,23665
2022-03-19,41255
2022-03-20,22102
2022-03-21,15
2022-03-22,51311
2022-03-23,52386
2022-03-24,73550
2022-03-25,68079
2022-03-26,51247
2022-03-27,26582
2022-03-28,60478
2022-03-29,48529
2022-03-30,50063
2022-03-31,61732
2022-04-01,31478
2022-04-02,60064
2022-04-03,48184
2022-04-04,35504
2022-04-05,65248
2022-04-06,63004
2022-04-07,66723
2022-04-08,63318
2022-04-09,34535
2022-04-10,71965
2022-04-11,51152
2022-04-12,70102
2022-04-13,41055
2022-04-14,51247
2022-04-15,73601
2022-04-16,46001
2022-04-17,88836
2022-04-18,38574
2022-04-19,45644
2022-04-20,53811
2022-04-21,61675
2022-04-22,62596
2022-04-23,38336
2022-04-24,60658
2022-04-25,47384
2022-04-26,60226
2022-04-27,62069
2022-04-28,47227
2022-04-29,45500
2022-04-30,65429
2022-05-01,70716
2022-05-02,40435
2022-05-03,38960
2022-05-04,34968
2022-05-05,50221
2022-05-06,68265
2022-05-07,58662
2022-05-08,51289
2022-05-09,77828
2022-05-10,61763
2022-05-11,66852
2022-05-12,39227
2022-05-13,51920
2022-05-14,54221
2022-05-15,62345
2022-05-16,47485
2022-05-17,53072
2022-05-18,25420
2022-05-19,53979
2022-05-20,38612
2022-05-21,14699
2022-05-22,52273
2022-05-23,24201
2022-05-24,20120
2022-05-25,52903
2022-05-26,52392
2022-05-27,66052
2022-05-28,29402
2022-05-29,48827
2022-05-30,73125
2022-05-31,45867
2022-06-01,26242
2022-06-02,56154
2022-06-03,52831
2022-06-04,65975
2022-06-05,27232
2022-06-06,68721
2022-06-07,58107
2022-06-08,55340
2022-06-09,61138
2022-06-10,49774
2022-06-11,42963
2022-06-12,43046
2022-06-13,20939
2022-06-14,68616
2022-06-15,40572
2022-06-16,34606
2022-06-17,42329
2022-06-18,50005
2022-06-19,71546
2022-06-20,50370
2022-06-21,22230
2022-06-22,51651
2022-06-23,54915
2022-06-24,30984
2022-06-25,54641
2022-06-26,57393
2022-06-27,20340
2022-06-28,55560
2022-06-29,11268
2022-06-30,42876
2022-07-01,24592
2022-07-02,50459
2022-07-03,44091
2022-07-04,49598
2022-07-05,21756
2022-07-06,62825
2022-07-07,29513
2022-07-08,30139
2022-07-09,44916
2022-07-10,49583
2022-07-11,43329
2022-07-12,50827
2022-07-13,33797
2022-07-14,51099
2022-07-15,63551
2022-07-16,27191
2022-07-17,61325
2022-07-18,51252
2022-07-19,27368
2022-07-20,21279
2022-07-21,48059
2022-07-22,28727
2022-07-23,49135
2022-07-24,28850
2022-07-25,25343
2022-07-26,35629
2022-07-27,66260
2022-07-28,34995
2022-07-29,50946
2022-07-30,60170
2022-07-31,45919
2022-08-01,21756
2022-08-02,23535
2022-08-03,35149
2022-08-04,39157
2022-08-05,18811
2022-08-06,89244
2022-08-07,51143
2022-08-08,29393
2022-08-09,16410
2022-08-10,42492
2022-08-11,24250
2022-08-12,63170
2022-08-13,57347
2022-08-14,41335
2022-08-15,45749
2022-08-16,50041
2022-08-17,44177
2022-08-18,36488
2022-08-19,46630
2022-08-20,55773
2022-08-21,57654
2022-08-22,33701
2022-08-23,33889
2022-08-24,27760
2022-08-25,37279
2022-08-26,57651
2022-08-27,58300
2022-08-28,48984
2022-08-29,34469
2022-08-30,50818
2022-08-31,10256
2022-09-01,21595
2022-09-02,56347
2022-09-03,44726
2022-09-04,47745
2022-09-05,50312
2022-09-06,11963
2022-09-07,47653
2022-09-08,43312
2022-09-09,44695
2022-09-10,54552
2022-09-11,75509
2022-09-12,30352
2022-09-13,24902
2022-09-14,22180
2022-09-15,42491
2022-09-16,58731
2022-09-17,54974
2022-09-18,45893
2022-09-19,58554
2022-09-20,65142
2022-09-21,20367
2022-09-22,67596
2022-09-23,46343
2022-09-24,39755
2022-09-25,51049
2022-09-26,45517
2022-09-27,20656
2022-09-28,63351
2022-09-29,53344
2022-09-30,33728
2022-10-01,58036
2022-10-02,32360
2022-10-03,20223
2022-10-04,49512
2022-10-05,50082
2022-10-06,51096
2022-10-07,30441
2022-10-08,68946
2022-10-09,76139
2022-10-10,47435
2022-10-11,56401
2022-10-12,36378
2022-10-13,55311
2022-10-14,62063
2022-10-15,56103
2022-10-16,20656
2022-10-17,68880
2022-10-18,45640
2022-10-19,55869
2022-10-20,55620
2022-10-21,58902
2022-10-22,52785
2022-10-23,71548
2022-10-24,28201
2022-10-25,38601
2022-10-26,64173
2022-10-27,68665
2022-10-28,48527
2022-10-29,56731
2022-10-30,52001
2022-10-31,65820
2022-11-01,31577
2022-11-02,36609
2022-11-03,51608
2022-11-04,30990
2022-11-05,76614
2022-11-06,72948
2022-11-07,50635
2022-11-08,58208
2022-11-09,49808
2022-11-10,33218
2022-11-11,51704
2022-11-12,56807
2022-11-13,60208
2022-11-14,16733
2022-11-15,34263
2022-11-16,50915
2022-11-17,37806
2022-11-18,32195
2022-11-19,59522
2022-11-20,53126
2022-11-21,35449
2022-11-22,39980
2022-11-23,31081
2022-11-24,50586
2022-11-25,32523
2022-11-26,26933
2022-11-27,102204
2022-11-28,39907
2022-11-29,23543
2022-11-30,27484
2022-12-01,38206
2022-12-02,37531
2022-12-03,53486
2022-12-04,35275
2022-12-05,32102
2022-12-06,28474
2022-12-07,20768
2022-12-08,34861
2022-12-09,39955
2022-12-10,60809
2022-12-11,58650
2022-12-12,28646
2022-12-13,34558
2022-12-14,41842
2022-12-15,23430
2022-12-16,26314
2022-12-17,62609
2022-12-18,63418
2022-12-19,31621
2022-12-20,20706
2022-12-21,29216
2022-12-22,78
2022-12-23,12796
2022-12-24,53520
2022-12-25,56660
2022-12-26,50474
2022-12-27,44178
2022-12-28,40748
2022-12-29,40471
2022-12-30,29444
2022-12-31,49288
2023-01-01,70398
2023-01-02,31825
2023-01-03,38377
2023-01-04,30121
2023-01-05,40104
2023-01-06,50690
2023-01-07,63805
2023-01-08,30460
2023-01-09,35855
2023-01-10,24730
2023-01-11,36919
2023-01-12,27688
2023-01-13,42413
2023-01-14,63975
2023-01-15,63425
2023-01-16,44586
2023-01-17,36097
2023-01-18,40209
2023-01-19,34290
2023-01-20,39051
2023-01-21,65977
2023-01-22,54180
2023-01-23,34488
2023-01-24,2318
2023-01-25,31411
2023-01-26,29989
2023-01-27,41458
2023-01-28,63247
2023-01-29,25998
2023-01-30,7026
2023-01-31,35
2023-02-01,32195
2023-02-02,35472
2023-02-03,23194
2023-02-04,82367
2023-02-05,40827
2023-02-06,34831
2023-02-07,20697
2023-02-08,26849
2023-02-09,33225
2023-02-10,31997
2023-02-11,61259
2023-02-12,67982
2023-02-13,33238
2023-02-14,22091
2023-02-15,19554
2023-02-16,27014
2023-02-17,44664
2023-02-18,38398
2023-02-19,67792
2023-02-20,48198
2023-02-21,22733
2023-02-22,29213
2023-02-23,27091
2023-02-24,20465
2023-02-25,49026
2023-02-26,29934
2023-02-27,24528
2023-02-28,22199
2023-03-01,21773
2023-03-02,19234
2023-03-03,39946
2023-03-04,70191
2023-03-05,60411
2023-03-06,23311
2023-03-07,32307
2023-03-08,29241
2023-03-09,23304
2023-03-10,25965
2023-03-11,100710
2023-03-12,44259
2023-03-13,26682
2023-03-14,28810
2023-03-15,29173
2023-03-16,14664
2023-03-17,35898
2023-03-18,78495
2023-03-19,60342
2023-03-20,30693
2023-03-21,27000
2023-03-22,37932
2023-03-23,30934
2023-03-24,31328
2023-03-25,51567
2023-03-26,53641
2023-03-27,31580
2023-03-28,22203
2023-03-29,31110
2023-03-30,20491
2023-03-31,42121
2023-04-01,45550
2023-04-02,60844
2023-04-03,54792
2023-04-04,40191
2023-04-05,36654
2023-04-06,34502
2023-04-07,38081
2023-04-08,30961
2023-04-09,58679
2023-04-10,21766
2023-04-11,21039
2023-04-12,22506
2023-04-13,34784
2023-04-14,30293
2023-04-15,81880
2023-04-16,63359
2023-04-17,20440
2023-04-18,20486
2023-04-19,21439
2023-04-20,22356
2023-04-21,23055
2023-04-22,51776
2023-04-23,65012
2023-04-24,25019
2023-04-25,21017
2023-04-26,18582
2023-04-27,35190
2023-04-28,21186
2023-04-29,58317
2023-04-30,72185
2023-05-01,21158
2023-05-02,35588
2023-05-03,44832
2023-05-04,40487
2023-05-05,28813
2023-05-06,63479
2023-05-07,66232
2023-05-08,40425
2023-05-09,22983
2023-05-10,56439
2023-05-11,27980
2023-05-12,56515
2023-05-13,49439
2023-05-14,66057
2023-05-15,24529
2023-05-16,32259
2023-05-17,35391
2023-05-18,28057
2023-05-19,52237
2023-05-20,44354
2023-05-21,67739
2023-05-22,22677
2023-05-23,28331
2023-05-24,26413
2023-05-25,41038
2023-05-26,55877
2023-05-27,64860
2023-05-28,77434
2023-05-29,46525
2023-05-30,38224
2023-05-31,21835
2023-06-01,20802
2023-06-02,34335
2023-06-03,72404
2023-06-04,30456
2023-06-05,26465
2023-06-06,24675
2023-06-07,26537
2023-06-08,28500
2023-06-09,45732
2023-06-10,42118
2023-06-11,21582
2023-06-12,33697
2023-06-13,32825
2023-06-14,40563
2023-06-15,24519
2023-06-16,45890
2023-06-17,56431
2023-06-18,19757
2023-06-19,68607
2023-06-20,20226
2023-06-21,27169
2023-06-22,40424
2023-06-23,52815
2023-06-24,49151
2023-06-25,70080
2023-06-26,30505
2023-06-27,21004
2023-06-28,22981
2023-06-29,40089
2023-06-30,42253
2023-07-01,46449
2023-07-02,65054
2023-07-03,60769
2023-07-04,48086
2023-07-05,17273
2023-07-06,24121
2023-07-07,19265
2023-07-08,21952
2023-07-09,49101
2023-07-10,48354
2023-07-11,25333
2023-07-12,21724
2023-07-13,23912
2023-07-14,24501
2023-07-15,66920
2023-07-16,24705
2023-07-17,20501
2023-07-18,21424
2023-07-19,70815
2023-07-20,21936
2023-07-21,30488
2023-07-22,40258
2023-07-23,27712
2023-07-24,23433
2023-07-25,21582
2023-07-26,24799
2023-07-27,26197
2023-07-28,25634
2023-07-29,68094
2023-07-30,5858
2023-07-31,34997
2023-08-01,32694
2023-08-02,22533
2023-08-03,23881
2023-08-04,40540
2023-08-05,52454
2023-08-06,42894
2023-08-07,21089
2023-08-08,35794
2023-08-09,20677
2023-08-10,40405
2023-08-11,25799
2023-08-12,52189
2023-08-13,20073
2023-08-14,40207
2023-08-15,20105
2023-08-16,23999
2023-08-17,20534
2023-08-18,34983
2023-08-19,59548
2023-08-20,58845
2023-08-21,23142
2023-08-22,20660
2023-08-23,33041
2023-08-24,34564
2023-08-25,23538
2023-08-26,32867
2023-08-27,24235
2023-08-28,40367
2023-08-29,53757
2023-08-30,23164
2023-08-31,31725
2023-09-01,47701
2023-09-02,47456
2023-09-03,24427
2023-09-04,82437
2023-09-05,20459
2023-09-06,24187
2023-09-07,21973
2023-09-08,40328
2023-09-09,52570
2023-09-10,43312
2023-09-11,23118
2023-09-12,22686
2023-09-13,27633
2023-09-14,33413
2023-09-15,38683
2023-09-16,55225
2023-09-17,46574
2023-09-18,35193
2023-09-19,14946
2023-09-20,21289
2023-09-21,21814
2023-09-22,40660
2023-09-23,60481
2023-09-24,61769
2023-09-25,27040
2023-09-26,26142
2023-09-27,22980
2023-09-28,24153
2023-09-29,31664
2023-09-30,81946
2023-10-01,32448
2023-10-02,40462
2023-10-03,32488
2023-10-04,27250
2023-10-05,31114
2023-10-06,30471
2023-10-07,57224
2023-10-08,55237
2023-10-09,56564
2023-10-10,37873
2023-10-11,22454
2023-10-12,36918
2023-10-13,35421
2023-10-14,60917
2023-10-15,43487
2023-10-16,30351
2023-10-17,24279
2023-10-18,30834
2023-10-19,21288
2023-10-20,44769
2023-10-21,64310
2023-10-22,24232
2023-10-23,24315
2023-10-24,20611
2023-10-25,19974
2023-10-26,33260
2023-10-27,23942
2023-10-28,43169
2023-10-29,9755
2023-10-30,60902
2023-10-31,82267
2023-11-01,20479
2023-11-02,26809
2023-11-03,20971
2023-11-04,55366
2023-11-05,48434
2023-11-06,23082
2023-11-07,22694
2023-11-08,20866
2023-11-09,22242
2023-11-10,45343
2023-11-11,26938
2023-11-12,52892
2023-11-13,40601
2023-11-14,22337
2023-11-15,52492
2023-11-16,21946
2023-11-17,23457
2023-11-18,50573
2023-11-19,22801
2023-11-20,20580
2023-11-21,19977
2023-11-22,21372
2023-11-23,63431
2023-11-24,25031
2023-11-25,36662
2023-11-26,33022
2023-11-27,60209
2023-11-28,20723
2023-11-29,30371
2023-11-30,49164
2023-12-01,22006
2023-12-02,53784
2023-12-03,20456
2023-12-04,20144
2023-12-05,21116
2023-12-06,22048
2023-12-07,22958
2023-12-08,20295
2023-12-09,64210
2023-12-10,22995
2023-12-11,20992
2023-12-12,21204
2023-12-13,20282
